0,1
Aansteker,Restafvalzak
Aanstekervulmiddel,Recyclagepark (KGA)
Aardappelschillen,"Thuiscomposteren of voederen aan de kippen, eendenâ¦ of restafvalzak"
Aardappelzakken,Restafvalzak
Aardbeienbakje,Restafvalzak
Aarde,CP (aarde) Let wel: ga eerst na bij je gemeente of aarde aanvaard wordt
Aardewerk,Recyclagepark (steenpuin)
Accu,Recyclagepark (KGA)
Aceton,Recyclagepark (KGA)
Actieve kool (filter waterbehandeling),Restafvalzak
Aerosolflacons,Apotheker
Afbijtmiddel,Recyclagepark (KGA)
Afbraakhout,Recyclagepark (hout)
Afsluiting (beton),Recyclagepark (steenpuin)
Afsluiting (hout),Recyclagepark (hout)
Afsluiting (metaal),Recyclagepark (metaal)
Aftershave (lege flacons in plastic),PMD-zak
Aftersun (lege flacons in plastic),PMD-zak
Afvalolie,Recyclagepark (KGA)
Afwasmiddel (lege flacon),PMD-zak
Afzuigkap (bruikbaar),Kringwinkel
Alcohol,Recyclagepark (KGA)
Alcoholstift,Recyclagepark (KGA)
Alkalinebatterijen,Recyclagepark (KGA)
Aluminium,Recyclagepark (metaal)
Aluminium bakje / schotel (leeg),PMD-zak
Aluminium schaaltje van kattenvoer,Een aluminium schaaltje mag in de blauweÂ PMD-zak. 	Maak deÂ folie los van het bakjeÂ en gooi ditÂ los van elkaar in de zak.
Aluminiumfolie,Restafvalzak
Amalganen,Recyclagepark (KGA)
Ammoniak,Recyclagepark (KGA)
Ampullen,Apotheker
Anti-roestmiddel,Recyclagepark (KGA)
"Antigel, antirimpelcreme",Recyclagepark (KGA)
Antitranspiratiemiddelen,Recyclagepark (KGA) Let wel: lege bussen deodorant mogen in de PMD-zak
Antivries,Recyclagepark (KGA)
Antwoordapparaat,Recyclagepark (elektro)
Antwoordapparaat (bruikbaar),Kringwinkel
Arduin,Recyclagepark (steenpuin)
As,Afgekoelde as- en roetresten âº restafvalzak
Asbak (glas/steen),Recyclagepark (steenpuin)
Asbak (metaal),Recyclagepark (metaal)
Asbesthoudende platen,Recyclagepark (asbest) 	Verplicht verpakt aan te leveren vanaf 2020. Zie voor meer info: www.mirom.be/asbest
Asfalt (niet teerhoudend),Recyclagepark (steenpuin)
Assen (afgekoeld),Restafvalzak (Let wel: een restafvalzak mag max. 15 kg wegen)
Audiocassettes,Restafvalzak
Autobanden (zonder velg),"Bandencentrale of recyclagepark (enkel op het recyclagepark in Menen (Industrielaan 30) voor inwoners van Menen, Wervik en Wevelgem). Verkopers van banden zijn verplicht om alle afvalbanden van particulieren in ontvangst te nemen, ook al worden er geen nieuwe banden aangekocht. In dit laatste geval beperkt het engagement zich tot 4 afvalbanden per privaat huishouden tot einde december 2015."
Autobatterij,Recyclagepark (KGA)
Autoruit,Recyclagepark (vlak glas)
Autoshampoo (lege flacon),PMD-zak
Autovelg,Recyclagepark (metaal)
Autowax,Recyclagepark (KGA)
Azijn (lege fles uit glas / kunststof fles),Glasbol / PMD-zak
Azijnzuur,Recyclagepark (KGA)
BH,Recyclagepark (textiel) Let wel: bevuilde of versleten textiel in restafvalzak
Baardtrimmer,Recyclagepark (elektro)
Baardtrimmer (bruikbaar),Kringwinkel
Babyvoeding,Restafvalzak
Badkuip in keramiek,Recyclagepark (niet recycleerbaar)
Badkuip in metaal,Recyclagepark (metaal)
Badkuip in polyester,Recyclagepark (perscontainer brandbaar afval)
Badolie (lege flacon),PMD-zak
Badschuim (lege flacon),PMD-zak
Bakbloem,Restafvalzak
Bakstenen,Recyclagepark (steenpuin)
Bal,Restafvalzak
Ballonnen,Restafvalzak
Balpen,Recyclagepark (KGA)
Barbecue,Recyclagepark (metaal)
Barbecue (bruikbaar),Kringwinkel
Barbecue (elektrisch),Recyclagepark (elektro)
Barometer met kwik,Recyclagepark (KGA)
Batterijen,Recyclagepark (KGA)
Bed (bruikbaar),Kringwinkel
Bed (hout/metaal),Recyclagepark (hout / metaal)
Beddengoed,Recyclagepark (textiel) Let wel: bevuilde of versleten textiel in restafvalzak
Bedverwarmer,Recyclagepark (elektro)
Beenderen,Restafvalzak
Behangpapier,Restafvalzak
Beitsmiddelen,Recyclagepark (KGA)
Benzeen,Recyclagepark (KGA)
Benzine,Recyclagepark (KGA)
Berenklauw,RecyclageparkÂ (tuinafval)
Bestek,Recyclagepark (metaal)
Bestrijdingsmiddelen,Recyclagepark (KGA)
Beton (ook gewapend),Recyclagepark (steenpuin)
Bierfles (glas),Glasbol
Biervilt,Papier en karton
Bijsluiter,Papier en karton
Black Varnish,Recyclagepark (KGA)
Bladblazer,Recyclagepark (elektro)
Bladeren,Thuiscomposteren of tuinafvalbak of recyclagepark (tuinafval)
Bladzuiger,Recyclagepark (elektro)
Bleekwater (lege flacon),"PMD-zak (Let wel: max. volume 8 liter) Verpakkingen van bleekwater kunnen perfect gerecycleerd worden. Je mag ze dan ook bij PMD sorteren, tenzij er Ã©Ã©n van onderstaande pictogrammen op de verpakking staat: Verpakkingen met kindveilige sluiting zijn niet toegelaten bij PMD: Kindveilige sluiting Â"
Blender,Recyclagepark (elektro)
Blikjes (leeg),PMD-zak
Blikopener (metaal/ elektrisch),Recyclagepark (metaal / elektro)
Blister van medicijnen,Restafvalzak
Bloem (bakmeel),Restafvalzak
Bloem (tuin),Thuiscomposteren of tuinafvalbak of recyclagepark (tuinafval)
Bloempot (plastic),PMD-zak
Bloempot (steen/keramiek),Recyclagepark (steenpuin / niet recycleerbaar)
Bloempotje,PMD-zak
Boeken,Papier en karton
Boekentas (bruikbaar),Kringwinkel
Boekentas (bruikbaar),Kringwinkel
Boenwas,Recyclagepark (KGA)
Bokalen (glas),Glasbol
Boomschors,Thuiscomposteren of tuinafvalbak of recyclagepark (tuinafval)
Boomstronken,Recyclagepark (tuinafval)
Boordsnijder,Recyclagepark (elektro)
Botervlootjes,PMD-zak
Braadpan,Recyclagepark (metaal)
Braadschotel,Recyclagepark (niet recycleerbaar)
Braadzak,Restafvalzak
Brandblusapparaat,Recyclagepark (KGA)
Brandmelder,Recyclagepark (KGA)
Brandspiritus,Recyclagepark (KGA)
Brandstoffen,Recyclagepark (KGA)
Breinaalden (metaal),Recyclagepark (metaal) / Restafvalzak (let wel: goed verpakken)
Briefomslag,Papier en karton
Brievenbus (metaal/steen),Recyclagepark (metaal / steenpuin)
Brikverpakking (leeg),PMD-zak
Brilglazen,Recyclagepark (vlak glas)
Brilmontuur (metaal/kunststof),Recyclagepark (metaal) / Restafvalzak
Broeksriem,Kapot: restafvalzak Herbruikbaar: textielcontainer of de Kring(loop)winkel Meer info: www.mirom.be/textiel
Brons,Recyclagepark (metaal)
Brood,Voederen aan de kippen of restafvalzak
Broodbakmachine,Recyclagepark (elektro)
Broodmes,Recyclagepark (metaal)
Broodplank (hout/kunststof),Recyclagepark (hout) / (harde plastics)
Broodrooster,Recyclagepark (elektro)
Broodzak,Papier & karton
Bruinen zonder zon,Recyclagepark (KGA)
Buis (PVC/rubber),Recyclagepark (harde plastics)
Buis (aluminium),Recyclagepark (metaal)
Buis (beton),Recyclagepark (steenpuin)
Buis (metaal),Recyclagepark (metaal)
Buislampen,Recyclagepark (KGA: TL - gloeilampen)
CD hoesje,harde plastics (recyclagepark)
CD schijf,restafvalzak
CD speler,Recyclagepark (elektro)
CD speler (bruikbaar),Kringwinkel
CD-rom,restafvalzak
Cadeaupapier,Papier en karton
Campingartikelen (bruikbaar),Kringwinkel of recyclagepark (container Kringwinkel: kleine herbruikbare goederen --> Let wel: deze container is niet op elk recyclagepark aanwezig)
Capsules,Apotheker
Carbonileum,Recyclagepark (KGA)
Carbonpapier,Restafvalzak
Cartridge,Recyclagepark (KGA)
Cassette,Restafvalzak
Cd's (bruikbaar),Kringwinkel of recyclagepark (container Kringwinkel: kleine herbruikbare goederen --> Let wel: deze container is niet op elk recyclagepark aanwezig)
Cellenbeton,Recyclagepark (niet recycleerbaar afval)
Cellofaan papier,Restafvalzak
Cement (los),Recyclagepark (steenpuin)
Cement (versteend),Recyclagepark (steenpuin)
Cementzak,Restafvalzak
Champignondoosje (bakje),PMD-zak
ChemicaliÃ«n,Recyclagepark (KGA)
Chips,Voederen aan de kippen of PMD-zak
Chloorethaan,Recyclagepark (KGA)
Chloroform,Recyclagepark (KGA)
Chocolade,Voederen aan de kippen of restafvalzak
Chroom,Recyclagepark (metaal)
Chroomzuur,Recyclagepark (KGA)
Citruspers (manueel/elektrisch),Restafvalzak / Recyclagepark (elektro) / Losse metale onderdelen breng je naar het recyclagepark (metaal)
Composiet,"> Brandbaar afvalÂ ComposietÂ is een materiaal dat bestaat uit een mengsel van houtmeel en kunststof. Het wordt gemaakt door houtmeel tezamen met een kunststof polymeer te verhitten en onder hoge druk samen te persen. Composiet wordt veel toegepast als gevelbekleding, muurbekleding en voor het maken van terrassen en schuttingen."
Computer,Recyclagepark (elektro)
Computer (bruikbaar),Kringwinkel
Computerdiskettes,restafvalzak
Condoom,Restafvalzak
Confituurpot (uitgespoeld),Glasbol
Conservenblikjes (leeg),PMD-zak
Contactlens,Restafvalzak
Corrector (tipex),Recyclagepark (KGA)
Cosmetica,restafvalzak
DVD schijf,Restafvalzak
DVD speler,Recyclagepark (elektro)
DVD speler (bruikbaar),Kringwinkel
Dakpannen (steen/andere),Recyclagepark (steenpuin / niet recycleerbaar)
Decapeermiddelen,Recyclagepark (KGA)
Dekbed,Recyclagepark (textiel) Let wel: bevuilde of versleten textiel in restafvalzak
Deken (beddengoed),Bevuild: restafvalzak Versleten: textielcontainer Herbruikbaar: textielcontainer of de Kring(loop)winkel Meer info: www.mirom.be/textiel
Deken (elektrisch),Recyclagepark (elektro)
Deksel (metaal),PMD-zak
Deksel (metaal),PMD-zak
Deksel of dop (plastic),PMD-zak
Deodorant (lege spuitbus),PMD-zak
Detergent (lege flacon),PMD-zak
Dettol,Recyclagepark (KGA)
Deur (hout),Recyclagepark (hout)
Deurklink (kunststof/metaal),Restafvalzak / Recyclagepark (metaal)
Dia's,Restafvalzak
Dichloormethaan,Recyclagepark (KGA)
Dieetvoeding,Restafvalzak
Diepvries,Recyclagepark (elektro)
Diepvries (bruikbaar),Kringwinkel
Diepvrieszakjes,PMD-zak
Dierlijke uitwerpselen,Restafvalzak (Let wel: een restafvalzak mag max. 15 kg wegen)
Diskette,Restafvalzak
Dissolvant,Recyclagepark (KGA)
Distels,Thuiscomposteren of tuinafvalbak of recyclagepark (tuinafval)
Doekjes,Restafvalzak
Dompelaar,Recyclagepark (elektro)
Donsdeken (beddengoed),Bevuild: restafvalzak Versleten: textielcontainer Herbruikbaar: textielcontainer of de Kring(loop)winkel Meer info: www.mirom.be/textiel
Dood huisdier,"Contacteer Rendac, Denderleeuw 053/64 02 34"
Doos (karton),Papier en karton
Doos (metaal),Recyclagepark (metaal) of PMD-zak
Dop (metaal/kunststof),PMD-zak (Let wel: fles platdrukken en dop erop)
Douchegel (lege flacon),PMD-zak
Drankkarton (leeg),PMD-zak
Drankzakje (type caprisun),Restafvalzak
Drinkbus (metaal/plastic),Recyclagepark (metaal) / Restafvalzak
Drinkglas,Recyclagepark (niet recycleerbaar)
Drinkglas (bruikbaar),Kringwinkel of recyclagepark (container Kringwinkel: kleine herbruikbare goederen --> Let wel: deze container is niet op elk recyclagepark aanwezig)
Drinkyoghurt (lege flacon),PMD-zak
Droogkast,Recyclagepark (elektro)
Droogkuisproduct,Recyclagepark (KGA)
Droogmolen,Droogmologen > metaal 	Let wel: de plastic draad afknippen > restafvalzak of brandbaar grofvuil
Dweil,Restafvalzak
Dynamiet,Politie bellen
"Eau de toilette, parfum (lege fles)",Glasbol
Eetgerei,Recyclagepark (metaal)
Eierdozen (karton),Papier en karton
Eierdozen (plastic),Restafvalzak
Eierkoker,Recyclagepark (elektro)
Eierschalen,restafvalzak
Elektriciteitsdraad,Recyclagepark (elektriciteitskabels)
Elektrisch mes,Recyclagepark (elektro)
Emmer (metaal),Recyclagepark (metaal)
Emmer (plastic),Recyclagepark (harde plastics)
Encyclopedie (bruikbaar),Kringwinkel of recyclagepark (container Kringwinkel: kleine herbruikbare goederen --> Let wel: deze container is niet op elk recyclagepark aanwezig)
Envelop,Papier en karton
Epileerapparaat,Recyclagepark (elektro)
Epoxyharsen (aparte componenten),Recyclagepark (KGA)
Epoxyharsen (uitgehard),Restafvalzak
Espresso-automaat,Recyclagepark (elektro)
Etensresten,Voederen aan de kippen of restafvalzak
Etensresten (gekookte),Voederen aan de kippen of restafvalzak
Ethanol,Recyclagepark (KGA)
Ether,Recyclagepark (KGA)
Etiketten,Restafvalzak
Eyeliner,Recyclagepark (KGA)
Faience,Recyclagepark (niet recycleerbaar)
Faxpapier (thermisch of niet thermisch),Papier en karton
Faxtoeste,Recyclagepark (elektro)
Faxtoestel (bruikbaar),Kringwinkel
Fiets,Recyclagepark (metaal)
Fiets (bruikbaar),Kringwinkel
Fietsbanden,Restafvalzak
Fietsframe,Recyclagepark (metaal)
Fietshelm,Restafvalzak of indien te groot: recyclagepark (perscontainer brandbaar grofvuil)
Fietspomp,Restafvalzak
Fietsslot,Recyclagepark (metaal)
Filmrol,Recyclagepark (KGA)
Filter van de dampkap,Restafvalzak
Filterzakjes,Thuiscomposteren of restafvalzak
Fineerhout,Recyclagepark (hout)
Fixeermiddel,Recyclagepark (KGA)
Fles frituurolie,Een fles van frituurolie is klein gevaarlijk afval. Dus breng je die naar het recyclagepark.
Flessen (glas),Glasbol
Fluostiften,Recyclagepark (KGA)
Fond de teint,Recyclagepark (KGA)
Fondue-olie,Recyclagepark (KGA)
Fondueset,Recyclagepark (elektro)
Formol,Recyclagepark (KGA)
Fornuis,Recyclagepark (elektro)
Fornuis (bruikbaar),Kringwinkel
Fosforzuur,Recyclagepark (KGA)
Foto,Restafvalzak
Fotocamera,Recyclagepark (elektro)
Fotografisch product,Recyclagepark (KGA)
Frigobox,Recyclagepark (perscontainer brandbaar afval)
Frituurketel,Recyclagepark (elektro)
Frituurolie,Recyclagepark (KGA) Let wel: giet de olie met trechter in de oorspronkelijke verpakking of een andere plastic fles
Frituurpan,Recyclagepark (elektro)
Frituurvetten,Recyclagepark (KGA)
Fruitkist (hout/kunststof),Recyclagepark (hout) / (harde plastics)
Fruitpocket,Restafvalzak
Fruitresten,"Thuiscomposteren of voederen aan de kippen, eendenâ¦ of restafvalzak"
GSM,Recyclagepark (elektro)
Garnaal,Restafvalzak
Gasflessen - eenmalig gebruik,Geperforeerd (bv wegwerpcartouches kampeergas) of niet geperforeerd (Bv. ballonnen)Â Â Recyclagepark: bij Klein Gevaarlijk AfvalÂ
Gasflessen - herbruikbaar,"Butaan- en propaangasflessen blijven eigendom van de gasleverancier. Lege gasflessen of gasflessen die je niet meer gebruikt, breng je zo snel mogelijk terug naar de verdeler van gasflessen waar je ze oorspronkelijk hebt gekocht. Een lijst van verdelers en verkooppunten vind je op www.mijngasfles.be."
Gasfornuis,Recyclagepark (metaal)
Gaskachel,Recyclagepark (metaal)
Gaskachel (bruikbaar),Kringwinkel
Gebak (rest),Voederen aan de kippen of restafvalzak
Gebit,Restafvalzak
Gel (tube),PMD-zak
Gelaagd glas,Recyclagepark (vlak glas)
Geluidsbox,Recyclagepark (elektro)
Geneesmiddelen,Apotheker
Geperst karton (bv. een plafondtegel),"Brandbaar grofvuil Mag niet bij papier en karton omwille van eventuele lijmresten en het laagje fineer Mag niet bij houtafval, omdat dit geen hout is"
Geurblokjes,Recyclagepark (KGA)
Geursteentje (wc),Recyclagepark (KGA)
Gevelreiniger,Recyclagepark (KGA)
Gewapend glas,Recyclagepark (vlak glas)
Geweer,Politie bellen
Gewei (muurdecoratie),Recyclagepark (perscontainer brandbaar afval)
Gezelschapsspel (bruikbaar),Kringwinkel of recyclagepark (container Kringwinkel: kleine herbruikbare goederen --> Let wel: deze container is niet op elk recyclagepark aanwezig)
Gezichtbruiner,Recyclagepark (elektro)
Gif,Recyclagepark (KGA)
Gips (platen),Recyclagepark (gipsafval)
Glansmiddel,Recyclagepark (KGA)
Glas (ruiten),Recyclagepark (vlak glas)
Glasvezel,Recyclagepark (perscontainer brandbaar afval)
Glasvezelbehang,Restafvalzak
Glaswol,Recyclagepark (perscontainer brandbaar afval)
Glazen bokalen (leeg),Glasbol
Glazen flessen (leeg),Glasbol
Gloeilamp,Recyclagepark (KGA: TL - gloeilampen)
Glycol,Recyclagepark (KGA)
Golfplaat (asbest),Recyclagepark (asbest)Â Verplicht verpakt aan te leveren vanaf 2020.Â Zie voor meer info: www.mirom.be/asbest
Golfplaat (metaal),Recyclagepark (metaal)
"Golfplaat in plastic, niet versterkt",Recyclagepark (harde plastics)
Goot (koper of zink),Recyclagepark (metaal)
Goot (pvc),Recyclagepark (harde plastics)
Gootsteen (keramiek),Recyclagepark (niet recycleerbaar)
Gootsteen (metaal),Recyclagepark (metaal)
Gordijnen,Bevuild: restafvalzak Versleten: textielcontainer Herbruikbaar: textielcontainer of de Kring(loop)winkel Meer info: www.mirom.be/textiel
Gourmet,Recyclagepark (elektro)
Grasmaaisel,"Thuiscomposteren of voederen aan de kippen, eendenâ¦ of tuinafvalbak of recyclagepark (tuinafval)"
Grasmachine,Recyclagepark (elektro)
Grasmachine (bruikbaar),Kringwinkel
Grasperkverluchters,Recyclagepark (elektro) Let wel: indien met motor op benzine: recyclagepark (metaal)
Graszoden (minimale hoeveelheid aarde),Recyclagepark (aarde)
Grill,Recyclagepark (elektro)
Groenten- en fruitresten,"Thuiscomposteren of voederen aan de kippen, eendenâ¦ of restafvalzak"
Gyproc,Recyclagepark (gipsafval)
Haagscheersel,Thuiscomposteren of tuinafvalbak of recyclagepark (tuinafval)
Haar,Restafvalzak
Haardblokjes,Recyclagepark (KGA)
Haardroger,Recyclagepark (elektro)
Haardroger (bruikbaar),Kringwinkel
Haarlak (lege spuitbus),PMD-zak
Haarstyler,Recyclagepark (elektro)
Haartrimmer,Recyclagepark (elektro)
Haktoestel,Recyclagepark (elektro)
Halogeenlamp,Recyclagepark (KGA)
Halssnoer (metaal/kunststof),Recyclagepark (metaal) / Restafvalzak
Halter,Recyclagepark (metaal)
Hamer,Recyclagepark (metaal)
Handdoek,Bevuild: restafvalzak Versleten: textielcontainer Herbruikbaar: textielcontainer of de Kring(loop)winkel Meer info: www.mirom.be/textiel
Handleidingen,Papier en karton
Handschoen (leder of stof),Recyclagepark (textiel) Let wel: bevuilde of versleten textiel in restafvalzak
Handtas,Bevuild: restafvalzak Versleten: textielcontainer Herbruikbaar: textielcontainer of de Kring(loop)winkel Meer info: www.mirom.be/textiel
Hangslot,Recyclagepark (metaal)
Hars,Recyclagepark (KGA)
Herbiciden,Recyclagepark (KGA)
Hoed,Recyclagepark (textiel) Let wel: bevuilde of versleten textiel in restafvalzak
Hondenpoep (weinig),Restafvalzak (Let wel: een restafvalzak mag max. 15 kg wegen)
Hoofdkussen (beddengoed),Bevuild: restafvalzak 	Versleten:Â textielcontainer 	Herbruikbaar: textielcontainerÂ of de Kring(loop)winkel Meer info: www.mirom.be/textiel Â
Hooi (zuiver),Thuiscomposteren of tuinafvalbak of recyclagepark (tuinafval)
Horloge,Recyclagepark (metaal)
Hout,Recyclagepark (hout)
Hout geÃ¯mpregneerd,Via privÃ© verwerker
Houtbeschermingsmiddel,Recyclagepark (KGA)
Houtkrullen,Thuiscomopsteren (enkel van zuiver hout) / Recyclagepark (hout)
Houtskool,Restafvalzak
Huisbrandolie,Recyclagepark (KGA)
Huishoudlinnen,Recyclagepark (textiel) Let wel: bevuilde of versleten textiel in restafvalzak
Ijskast,Recyclagepark (elektro)
Ijskast (bruikbaar),Kringwinkel
Ijsroomdoos (plastic),Restafvalzak
Ijzerwaren,Recyclagepark (metaal)
Incontinentiemateriaal,Restafvalzak
Industrieel-medische gasflessen,Neem contact op met www.cylinders.essenscia.be
Infraroodlamp,Recyclagepark (KGA)
Injectienaalden,Recyclageparken (naaldcontainer)
Inkt,Recyclagepark (KGA)
Inlegkruisje,Restafvalzak
Insecticiden,Recyclagepark (KGA)
Insulinespuit,Recyclagepark (KGA)
Inzamelpunt BEBAT (batterijen) worden?,"Een BEBAT inzameldoos in jouw winkel, bedrijf of gemeente? 	Vul hier het aanvraagformulier in en ontvang gratis inzamelmateriaal!Â"
Isolatiemateriaal,Recyclagepark (perscontainer brandbaar afval)
Isoleerfles metaal,Recyclagepark (metaal)
Isoleerfles plastic,Restafvalzak
Isomo (wit),Recyclagepark (isomo)
Jampotten (uitgespoeld),Glasbol
Javel,Recyclagepark (KGA)
Jeneverkruik,Recyclagepark (niet recycleerbaar)
Jerrycan (metaal),Recyclagepark (metaal)
Jeugdboek (bruikbaar),Kringwinkel of recyclagepark (container Kringwinkel: kleine herbruikbare goederen --> Let wel: deze container is niet op elk recyclagepark aanwezig)
Kaarsen,Restafvalzak
Kaarsvet,Restafvalzak
Kaart met magneetband,Restafvalzak
Kaaskorst,Voederen aan de kippen of restafvalzak
Kaasmaker,Recyclagepark (elektro)
Kabels,Recyclagepark (elektriciteitskabels)
Kachel,Recyclagepark (metaal)
Kachel (bruikbaar),Kringwinkel
Kadaver,"Contacteer Rendac, Denderleeuw 056/64.02.34"
Kaligeen,Recyclagepark (KGA)
Kalksteen,Recyclagepark (gipsafval)
Kandelaar (bruikbaar),Kringwinkel of recyclagepark (container Kringwinkel: kleine herbruikbare goederen --> Let wel: deze container is niet op elk recyclagepark aanwezig)
Kapotte laarzen,Restafvalzak
Kapstok (hout),Recyclagepark (hout)
Kapstok (ijzer),Recyclagepark (metaal)
Kapstok (plastic),Recyclagepark (harde plastics)
Karton,Papier en karton
Kasseien,Recyclagepark (steenpuin)
Kasten (bruikbaar),Kringwinkel
Kasten (hout/metaal),Recyclagepark (hout / metaal)
Kasticket,Restafval
Kattenbakvulling,Restafvalzak (Let wel: een restafvalzak mag max. 15 kg wegen)
Keien,Recyclagepark (steenpuin)
Keramiek,Recyclagepark (niet recycleerbaar)
Keramische kookplaat,Recyclagepark (elektro)
Kerstbal,Restafvalzak (Let wel: goed verpakken)
Kerstboom,Thuiscomposteren of recyclagepark (tuinafval)
Ketting,Recyclagepark (metaal)
Kettingzaag,Recyclagepark (elektro)
Keukenrobot,Recyclagepark (elektro)
Keukenrol,Papier en karton
Keukenrolpapier,Thuiscomposteren of restafvalzak
Keukenschort,Bevuild: restafvalzak 	Versleten:Â textielcontainer 	Herbruikbaar: textielcontainerÂ of de Kring(loop)winkel Meer info: www.mirom.be/textiel
Keukenweegschaal (manueel of elektrisch),Restafvalzak / Recycleagepark (elektro)
Kinderboek (bruikbaar),Kringwinkel of recyclagepark (container Kringwinkel: kleine herbruikbare goederen --> Let wel: deze container is niet op elk recyclagepark aanwezig)
Kist (hout/kunststof),Recyclagepark (hout) / (harde plastics)
Klasseermap,Restafvalzak
Kleefpapier,Restafvalzak
Kleerhangers (ijzer),Recyclagepark (metaal)
Kleerhangers (plastic),Recyclagepark (harde plastics)
Kleurpotloden,Restafvalzak
Kleurstoffen,Recyclagepark (KGA)
Klok,Recyclagepark (elektro)
Knoopcellen,Recyclagepark (KGA)
Knuffel (herbruikbaar),"Kring(loop)winkel, textielcontainer of recyclagepark: textielcontainer of container Kringwinkel(voor kleine herbruikbare goederen --> let wel: deze container is niet op elk recyclagepark aanwezig)"
Knutselmateriaal (bruikbaar),Kringwinkel of recyclagepark (container Kringwinkel: kleine herbruikbare goederen --> Let wel: deze container is niet op elk recyclagepark aanwezig)
Koekjesdoos (karton/metaal/kunststof),Papier en karton / PMD-zak / restafvalzak
Koelboxelement,Recyclagepark (KGA)
Koelkast,Recyclagepark (elektro)
Koelkast (bruikbaar),Kringwinkel
Koelvloeistof,Recyclagepark (KGA)
Koffieapparaat,Recyclagepark (elektro)
Koffieapparaat (bruikbaar),Kringwinkel
Koffiefilter (papier),Thuiscomposteren of restafvalzak
Koffiefilter (plastic),Restafvalzak
Koffiegruis,Thuiscomposteren of restafvalzak
Koffiemolen,Recyclagepark (elektro)
Kogels,Politie bellen
Kokosnoot,Thuiscomposteren of tuinafvalbak of recyclagepark (tuinafval)
Kolengruis,Restafvalzak (Let wel: een restafvalzak mag max. 15 kg wegen)
Kompressen,Restafvalzak
Kookplaat,Recyclagepark (elektro)
Kookpotten (bruikbaar),Kringwinkel
Kookpotten (onbruikbaar),Recyclagepark (metaal)
Koper,Recyclagepark (metaal)
Koperpoets,Recyclagepark (KGA)
Kraan (sanitair),Recyclagepark (metaal)
Kranten,Papier en karton
Kreeft,Restafvalzak
Kringlooppapier,Papier en karton
Kristal,Recyclagepark (niet recycleerbaar)
Kruidenproducten,Restafvalzak
Kruimeldief,Recyclagepark (elektro)
Krulset,Recyclagepark (elektro)
Kunstplant,Restafvalzak
Kunststof,Restafvalzak
"Kunststof fles (pet, pe, pvc)",PMD-zak
Kurk,"- Zuivere kurkdoppen van wijn, schuimwijn of bier, onderleggers en andere voorwerpen van zuivere kurk: recyclagepark (inzamelrecipiÃ«nt onder de luifel, groene groep) - Wand- en vloerbekleding: brandbaar afval - Synthetische kurkdoppen (glad oppervlak, koud aanvoelen): restafvalzak"
Kussensloop,Recyclagepark (textiel) Let wel: bevuilde of versleten textiel in restafvalzak
Kwastreiniger,Recyclagepark (KGA)
Kwik,Recyclagepark (KGA)
Kwikbatterijen,Recyclagepark (KGA)
Kwikthermometer,Recyclagepark (KGA)
LP (vinylplaat),Restafvalzak
Laarzen (bruikbaar),Kringwinkel
Ladyshave,Recyclagepark (elektro)
Laken (beddengoed),Bevuild: restafvalzak 	Versleten:Â textielcontainer 	Herbruikbaar: textielcontainer of de Kring(loop)winkel Meer info: www.mirom.be/textiel
Lakken (verf),Recyclagepark (KGA)
Lampekap,Recyclagepark (perscontainer brandbaar afval)
Lampen (TL- lampen),Recyclagepark (KGA)
Lampolie,Recyclagepark (KGA)
Lavabo,RecyclageparkÂ (niet recycleerbaar)
Lavalamp,RecyclageparkÂ (KGA)
Lederwaren,RecyclageparkÂ (textiel) Let wel: bevuilde of versleten textiel in Restafvalzak
Leien (asbest),RecyclageparkÂ (asbest) 	âVerplicht verpakt aan te leveren vanaf 2020. Zie voor meer info:Â www.mirom.be/asbest
Leien (natuur) indien niet asbesthoudend,RecyclageparkÂ (steenpuin) meer info over asbest: âÂ www.mirom.be/asbest
Lepel (hout/metaal),RecyclageparkÂ (hout) / (metaal)
Lijmen,RecyclageparkÂ (KGA)
Lijnolie,RecyclageparkÂ (KGA)
Linoleum,Restafvalzak of indien te groot:RecyclageparkÂ (perscontainer brandbaar grofvuil)
Lippenstift,Restafvalzak
Lood,RecyclageparkÂ (metaal)
Loodglas,RecyclageparkÂ (niet recycleerbaar)
Loof,Thuiscomposteren of tuinafvalbak of RecyclageparkÂ (tuinafval)
Luchtbevochtiger,RecyclageparkÂ (elektro)
Luchtverfrisser (lege spuitbus),PMD-zak
Lucifer,Restafvalzak
Luidsprekers,RecyclageparkÂ (elektro)
Luiers,Restafvalzak
MDF,RecyclageparkÂ Â (hout)
Maandverband,Restafvalzak
Magneetbord,RecyclageparkÂ (metaal)
Magneten,RecyclageparkÂ (metaal)
Make-up,RecyclageparkÂ (KGA)
Margarinevlootje,PMD-zak
Marmer (gebroken),RecyclageparkÂ (steenpuin)
Mascara,Restafvalzak
Massage-apparaat,RecyclageparkÂ (elektro)
Matras,RecyclageparkÂ (perscontainer brandbaar afval)
Mayonaise,Restafvalzak
Mazout,RecyclageparkÂ (KGA)
Medicamenten,Apotheker
Medicijnen,Apotheker
Melkfles (lege plastic fles),PMD-zak
Melkkarton (leeg),PMD-zak
Mes,RecyclageparkÂ (metaal)
Messenslijper,RecyclageparkÂ Â (elektro)
Meststof,Thuiscomposteren (enkel van planteneters) of Restafvalzak (let op:max 15 kg)
Metaalpoets,Restafvalzak (KGA)
Methanol,Restafvalzak (KGA)
Meubelen (bruikbaar),Kring(loop)winkel
Meubelen (hout/metaal),RecyclageparkÂ (hout) / (metaal)
Meubelolie,RecyclageparkÂ (KGA)
Microgolfoven,RecyclageparkÂ Â (elektro)
Mierenzuur,RecyclageparkÂ (KGA)
Milkshaker,RecyclageparkÂ Â (elektro)
Mixer,RecyclageparkÂ Â (elektro)
Mosdoder,RecyclageparkÂ (KGA)
Mosselschelpen,Restafvalzak
Motorolie,RecyclageparkÂ (KGA)
Muggenspray,RestafvalzakÂ (KGA)
Muismat,Restafvalzak
Multiplex,RecyclageparkÂ (hout)
Munitie,Politie bellen
Muziekinstrument (bruikbaar),Kring(loop)winkel of RecyclageparkÂ (container Kringwinkel: kleine herbruikbare goederen --> Let wel: deze container is niet op elk recyclagepark aanwezig)
Muziekinstrument (hout/kunststof),RecyclageparkÂ Â (hout) / (harde plastics)
Naaimachines,RecyclageparkÂ (elektro)
Nagellak,Restafvalzak
Nagellakverwijderaar,Restafvalzak
Natriumhydroxide,RecyclageparkÂ Â (KGA)
Negatief (foto),Recyclagepark (KGA)
Neonlamp,RecyclageparkÂ (KGA)
Neusdruppels (in flesje),Apotheker
Neustondeuse,RecyclageparkÂ (elektro)
Nietjesmachine,RecyclageparkÂ (metaal)
Nikkelbatterijen,RecyclageparkÂ (KGA)
Noten (doppen),Thuiscomposteren of Restafvalzak
Nummerplaat (officieel exemplaar),"Terugsturen naar D.I.V., Wetstraat 155, 1040 Brussel"
Nummerplaat (officieus exemplaar),RecyclageparkÂ Â (metaal)
Nylonkousen,Restafvalzak
Olie,RecyclageparkÂ (KGA)
Omheining (hout/metaal),RecyclageparkÂ (hout) / (metaal)
"Omwikkelfolie (plastic, niet vervuild)","PMD-zak Â (vb wikkels van snoep, chocolade, koekjes...)"
Onderhoudsmiddel,RecyclageparkÂ (KGA)
Onkruid,"Thuiscomposteren of voederen aan de kippen, eendenâ¦ of tuinafvalbak of RecyclageparkÂ (tuinafval)"
Onkruidverdelger,RecyclageparkÂ Â (KGA)
Ontkalker,RecyclageparkÂ (KGA)
Ontsmettingsmiddel,RecyclageparkÂ (KGA)
Ontstopper,RecyclageparkÂ (KGA)
Ontvetter,RecyclageparkÂ (KGA)
Ontvlekker,Recyclagepark (KGA)
Ontwikkelaars,RecyclageparkÂ (KGA)
Oogpotlood of -schaduw,RecyclageparkÂ (KGA)
Oordruppels (in flesje),Apotheker
Opalineglas,RecyclageparkÂ (vlak glas)
Oplaadbare batterij,RecyclageparkÂ (KGA)
Oplosmiddel,RecyclageparkÂ (KGA)
Oud textiel,Bevuild: Restafvalzak 	Versleten:Â textielcontainerÂ Herbruikbaar: textielcontainerÂ Â of de Kring(loop)winkel
Oude kledij,Bevuild:Â Restafvalzak 	Versleten:Â textielcontainerÂ Herbruikbaar:Â textielcontainerÂ Â of deÂ Kring(loop)winkel
Oude kleding,Bevuild: Restafvalzak Versleten: textielcontainerÂ Herbruikbaar: textielcontainerÂ of de Kring(loop)winkelÂ
Oven,RecyclageparkÂ (elektro)
Oven bruikbaar,Kring(loop)winkel
PC,RecyclageparkÂ (elektro)
PC (bruikbaar),Kring(loop)winkel
PET- fessen (leeg),PMD-zak
PVC-fles (leeg),PMD-zak
Pak koffie,restafvalzak
Pallet,RecyclageparkÂ (hout)
Pampers,Restafvalzak
Pan (kookpan of kookpot),RecyclageparkÂ (metaal)
Papier (geplastificeerd),Restafvalzak
Papier (vet),Restafvalzak
Papier (zuiver),Papier en karton
Papieren zakdoekjes,Restafvalzak
Papiergeld,Papier en karton
Paraffine,RecyclageparkÂ (KGA)
Paraplu,Restafvalzak
Parasol (stof + metaal/hout),"Restafvalzak (stof in perscontainer brandbaar grofvuil, metaal bij metaal, hout bij hout)"
Parfum,Lege parfumflesjes mag je bij glas sorteren. Verwijder wel eerst de verstuiver en gooi die bij het restafval.
Perforator (metaal),RecyclageparkÂ (metaal)
Pesticide,RecyclageparkÂ (KGA)
Petroleum,Recyclagepark (KGA)
Pickles,Restafvalzak
Piepschuimverpakking,Piepschuimverpakkingen van bvb kaas en hesp horen in de PMD-zak
Pillen,Apotheker
Piraatbom,Politie bellen
Pit,Thuiscomposteren of RecyclageparkÂ
Plakband,Restafvalzak
Plank,RecyclageparkÂ (hout)
Plant zonder kluit,Thuiscomposteren
Plantentray,PMD-zak (bloempotjes)
Plastic bewaardoos (bv. tupperware),Bewaardozen in plastic zoals tupperware zijn Harde plasticsÂ en breng je naar het recyclagepark.
Plastic fles (leeg),PMD-zak
"Plastic folie van verpakkingen (bv. flessen, blikjesâ¦)",PMD-zak
Plastic folie van voeding,PMD-zak
"Plastic potje (bv. yoghurt, boter...)",PMD-zak
Plastic zakken van zand,PMD-zak
Plastic zakken van zand,PMD-zak
Platen (bruikbaar),Kring(loop)winkel ofÂ RecyclageparkÂ (container Kringwinkel: kleine herbruikbare goederen --> Let wel: deze container is niet op elk recyclagepark aanwezig)
Pleisters,Restafvalzak
Plexiglas,Restafvalzak (Let wel: goed verpakken)
Pluimen,Restafvalzak
Polijstmiddel,Recyclagepark (KGA)
Polshorloge,RecyclageparkÂ (metaal)
Polyesterharsen,RecyclageparkÂ (KGA)
Pop (bruikbaar),Kring(loop)winkel of RecyclageparkÂ (container Kringwinkel: kleine herbruikbare goederen --> Let wel: deze container is niet op elk recyclagepark aanwezig)
Pop (onbruikbaar),Restafvalzak
Poppenhuis (onbruikbaar),Restafvalzak of indien te groot:RecyclageparkÂ (perscontainer brandbaar grofvuil)
Porselein,RecyclageparkÂ (niet recycleerbaar)
Pot van zalf,Een pot van zalf lever je af op het recyclagepark.
Potje (plastic),PMD-zak
Potlood,Restafvalzak
Printer,RecyclageparkÂ (elektro)
Printer (bruikbaar),Kring(loop)winkel
Printercassettes,RecyclageparkÂ (KGA)
Propaanzuur,RecyclageparkÂ (KGA)
Pruimtabak,Restafvalzak
Pyrex,RecyclageparkÂ Â (niet recycleerbaar)
Raam (hout),RecyclageparkÂ Â (hout) Let wel: zoveel mogelijk ontdoen van metalen onderdelen
Raamglas,RecyclageparkÂ (vlak glas)
Raamprofiel (kunststof),RecyclageparkÂ Â (harde plastics) Let wel: zoveel mogelijk ontdoen van metalen onderdelen
Raclette,RecyclageparkÂ (elektro)
Radiator,RecyclageparkÂ (metaal)
Radio,RecyclageparkÂ (elektro)
Radio (bruikbaar),Kring(loop)winkel
Rattenvergif,RecyclageparkÂ (KGA)
Reclamebladen,Papier en kartonÂ (Let wel: zonder folie!)Â
Reclamefolders,Papier en kartonÂ (Let wel: zonder folie!)Â
Regenpijp (pvc),RecyclageparkÂ (harde plastics)
Reiskoffer,Een valies of reiskoffer is te groot voor de restafvalzak. Die breng je naar het recyclagepark als brandbaar grofvuil.
Rekenmachines,RecyclageparkÂ (elektro)
Remolie,RecyclageparkÂ (KGA)
Remover,RecyclageparkÂ Â (KGA)
Remvloeistof,RecyclageparkÂ (KGA)
Revolver,Politie bellen
Rieten mand,Restafvalzak of indien te groot: RecyclageparkÂ (perscontainer brandbaar grofvuil)
Rietjes,PMD-zak
Rijstkoker,RecyclageparkÂ (elektro)
Ring (metaal/kunststof),RecyclageparkÂ (metaal) / Restafvalzak
Ringmappen,Restafvalzak
Roestverwijderingsmiddel,RecyclageparkÂ (KGA)
Roet,Restafvalzak (Let wel: een restafvalzak mag max. 15 kg wegen)
Roller van deodorant,Een roller van glas mag in deÂ Glasbol Een roller van plastic mag in deÂ PMD-zak Â
Rolluik (hout),RecyclageparkÂ (hout) Let wel: zoveel mogelijk ontdoen van metalen onderdelen
Rolluik (pvc),RecyclageparkÂ (harde plastics) Let wel: zoveel mogelijk ontdoen van metalen onderdelen
Rolschaats,RecyclageparkÂ (metaal)
Roman (bruikbaar),Kring(loop)winkel of RecyclageparkÂ (container Kringwinkel: kleine herbruikbare goederen --> Let wel: deze container is niet op elk recyclagepark aanwezig)
Roofing,RecyclageparkÂ (perscontainer brandbaar grofvuil)
Rookdetector,RecyclageparkÂ (KGA)
Rookglas,RecyclageparkÂ (vlak glas)
Rookmelder,RecyclageparkÂ elektro)
Rotswol,RecyclageparkÂ (perscontainer brandbaar afval)
Rubber (let op: geen voertuigbanden met uitz. van fietsbanden),Restafvalzak
Rugsproeier,"Een rugsproeier uit harde plastic volledig leeg/droog is -->Â RecyclageparkÂ , harde plastics"
RÃ¶ntgenfoto (RX),RecyclageparkÂ (KGA)
Salon (bruikbaar),Kring(loop)winkel
Salpeterzuur,RecyclageparkÂ (KGA)
Sapcentrifuge,RecyclageparkÂ (elektro)
Saus,Restafvalzak
Sausdikker,Restafvalzak
Schaafsel,Thuiscomposteren (enkel van zuiver hout) / RecyclageparkÂ (hout)
Schaar,RecyclageparkÂ Â (metaal)
Scheerapparaat,RecyclageparkÂ (elektro)
Scheerzeep,RecyclageparkÂ (KGA) Let wel: lege plastic flacons of bussen scheerzeep mogen in de PMD-zak
Schelpen,Restafvalzak
Schelpenzand,RecyclageparkÂ (steenpuin)
Schilderij,Kring(loop)winkel of RecyclageparkÂ (container Kringwinkel: kleine herbruikbare goederen --> Let wel: deze container is niet op elk recyclagepark aanwezig)
Schillen groenten / fruit,"Thuiscomposteren of voederen aan de kippen, eendenâ¦ of Restafvalzak"
Schmink,RecyclageparkÂ (KGA)
Schoendoos,Papier en karton
Schoenen (bruikbaar),Kring(loop)winkel of in deÂ textielcontainerÂ Â Let wel: bevuild of versleten schoeisel in Restafvalzak
Schoenen (onbruikbaar),Restafvalzak
Schoenlepel (metaal/kunststof),Restafvalzak (metaal) /Â Restafvalzak
Schoensmeer,Restafvalzak (KGA)
Schoonmaakmiddelen,RestafvalzakÂ (KGA) Let wel: lege plastic flacons mogen in de PMD-zak
Schors,Thuiscomposteren of tuinafvalbak of RecyclageparkÂ (tuinafval)
Schotelverwarmers,RecyclageparkÂ (elektro)
Schrift,Papier en karton
Schrijfpapier,Papier en karton
Schroefdop (metaal),PMD-zakÂ
Schroefdop (plastic),PMD-zakÂ Â (fles platdrukken en dop erop)
Schroot,RecyclageparkÂ (metaal)
Schuurpapier,Restafvalzak
Schuurpoeder,RecyclageparkÂ (KGA)
Serreglas (zuiver),RecyclageparkÂ (vlak glas)
Servet (papier),Restafvalzak
Servies (keramiek of porselein),RecyclageparkÂ Â (niet recycleerbaar)
Shampooflacon (leeg),PMD-zak
Sigarettenpeukjes,Restafvalzak
Siliconen,Wat doe je met je lege tubes silicone? Geef je af in hetÂ RecyclageparkÂ (KGA).
Siropen,Apotheker
"Sjaal, muts, wanten",Bevuild: Restafvalzak 	Versleten: textielcontainerÂ Herbruikbaar: textielcontainerÂ of de Kring(loop)winkel
Skateboard,Restafvalzak(perscontainer brandbaar afval)
Skeeler,Restafvalzak (perscontainer brandbaar afval)
Ski,Restafvalzak(perscontainer brandbaar afval)
Sla-olie,Restafvalzak (KGA)
Slaapzak,Kapot of bevuild: Restafvalzak 	Herbruikbaar: textielcontainerÂ of de Kring(loop)winkel
Slachtafval,"Contacteer Rendac, Denderleeuw 053/64 02 34"
Slagroomspuitbus (leeg),PMD-zak
Slazwierder (bruikbaar),Kring(loop)winkel of Restafvalzak (container Kringwinkel: kleine herbruikbare goederen --> Let wel: deze container is niet op elk recyclagepark aanwezig)
Smeerolie,Restafvalzak (KGA)
Snelkoker,RecyclageparkÂ (elektro)
Snijbloemen,Thuiscomposteren of tuinafvalbak of RecyclageparkÂ (tuinafval)
Snijmachine,RecyclageparkÂ (elektro)
Snoeiafval (klein),Thuiscomposteren of tuinafvalbak of RecyclageparkÂ (tuinafval)
Snoepgoed,Restafvalzak
Soda,Restafvalzak (KGA)
Soep,Gootsteen of toilet
Soldeerapparaat,Restafvalzak(elektro)
Solventen,RestafvalzakÂ (KGA)
Spaanderplaat,Restafvalzak (hout)
Spaarlampen,RecyclageparkÂ (KGA)
Speelgoed (bruikbaar),Kring(loop)winkelofÂ RecyclageparkÂ (container Kringwinkel: kleine herbruikbare goederen --> Let wel: deze container is niet op elk recyclagepark aanwezig)
Speelgoed (onbruikbaar),RestafvalzakÂ of indien te groot: RecyclageparkÂ (perscontainer brandbaar grofvuil)
Speelgoedtoren,Â Een speelgoedtoren hoort bij harde plastics. Â Â
Spiegel,RecyclageparkÂ (vlak glas)
Spiegel (bruikbaar),Kring(loop)winkel of RecyclageparkÂ (container Kringwinkel: kleine herbruikbare goederen --> Let wel: deze container is niet op elk recyclagepark aanwezig)
Spil,RecyclageparkÂ (metaal)
Spiritus,RecyclageparkÂ (KGA)
Spray,Apotheker
Sproeistof,RecyclageparkÂ (KGA)
Spuitbus cosmetica (leeg),PMD-zak
Spuitbus voedingsstoffen (leeg),PMD-zak
Spuitbussen,RecyclageparkÂ (KGA) Let wel: lege spuitbussen van voedingswaren en cosmetica mogen in de PMD-zak
Staafmixer,RecyclageparkÂ (elektro)
Steel (hout/kunststof),RecyclageparkÂ (hout) / (harde plastics)
Steengrill,RecyclageparkÂ (elektro)
Steengruis,RecyclageparkÂ (steenpuin)
Stempelkussen,RecyclageparkÂ (KGA)
Stemvork,RecyclageparkÂ (metaal)
Stenen flessen,RecyclageparkÂ (steenpuin)
Stereo,RecyclageparkÂ (elektro)
Stereo (bruikbaar),Kring(loop)winkel
Sticker,Restafvalzak
Stiften,RecyclageparkÂ (KGA)
Stoel (bruikbaar),Kring(loop)winkel
Stoel zonder stoffen zitvlak (hout/metaal/kunststof),RecyclageparkÂ (hout) / (metaal) / (harde plastics)
Stofzuiger,RecyclageparkÂ (elektro)
Stofzuiger (bruikbaar),Kring(loop)winkel
Stofzuigerzak,Restafvalzak
Stookolie,RecyclageparkÂ (KGA)
Stoomkoker,RecyclageparkÂ (elektro)
Stoomreiniger,RecyclageparkÂ (elektro)
Stopbadvloeistof,RecyclageparkÂ (KGA)
Strijkijzer,RecyclageparkÂ (elektro)
Strijkplank (bruikbaar),Kring(loop)winkel of RecyclageparkÂ (container Kringwinkel: kleine herbruikbare goederen --> Let wel: deze container is niet op elk recyclagepark aanwezig)
Stripverhaal (bruikbaar),Kring(loop)winkelÂ of RecyclageparkÂ (container Kringwinkel: kleine herbruikbare goederen --> Let wel: deze container is niet op elk recyclagepark aanwezig)
Stro (zuiver),Thuiscomposteren of tuinafvalbak of RecyclageparkÂ tuinafval)
Strooizout,RecyclageparkÂ (KGA)
Struiken,Thuiscomposteren of RecyclageparkÂ (tuinafval)
Stylo,RecyclageparkÂ (KGA)
Suiker,Restafvalzak
TL-lamp,RecyclageparkÂ (KGA)
TV,RecyclageparkÂ (elektro)
TV (bruikbaar),Kring(loop)winkel
Tabak,Restafvalzak
Tafel (bruikbaar),Kring(loop)winkel
Tafel (hout/metaal/kunststof),RecyclageparkÂ (hout) / (metaal) / (harde plastics)
Tafelkleed,Bevuild: Restafvalzak 	Versleten:Â textielcontainerÂ Herbruikbaar:Â textielcontainerÂ of de Kring(loop)winkel
Tafellaken (papier),Restafvalzak
Takken,Thuiscomposteren of tuinafvalbak of RecyclageparkÂ (tuinafval)
Talkpoeder,RecyclageparkÂ (KGA)
Tampon,Restafvalzak
Tandenborstel,Restafvalzak
Tandpasta (lege flacon),PMD-zak
Tandpasta (tube),PMD-zak
Tapes,Restafvalzak
Tapijt,RecyclageparkÂ (perscontainer brandbaar afval)
Teerolie,RecyclageparkÂ (KGA)
Tegel (steen / keramiek),RecyclageparkÂ (steenpuin / niet recycleerbaar)
Telefoon,RecyclageparkÂ (elektro)
Telefoongids,Papier en karton
Televisie,RecyclageparkÂ (elektro)
Televisie (bruikbaar),Kring(loop)winkel
Terpentijn,RecyclageparkÂ (KGA)
Teststrips,Restafvalzak
Teststrookjes,Restafvalzak
Tetra,RecyclageparkÂ (KGA)
Tetrabrik (leeg),PMD-zak
Theebladeren,ThuiscomposterenÂ of Restafvalzak
Theedoek,Bevuild:Â Restafvalzak 	Versleten:Â textielcontainerÂ Herbruikbaar: textielcontainerÂ Â of de Kring(loop)winkel
Theelichthoudertjes,PMD-zak Â
Theepot,RecyclageparkÂ (niet recycleerbaar)
Theezakje,Thuiscomposteren of Restafvalzak
Thermometer,RecyclageparkÂ (KGA)
Thermosfles,Restafvalzak
Thinner,RecyclageparkÂ (KGA)
Tijdschriften,Papier en karton
Toilet,RecyclageparkÂ (niet recycleerbaar)
Toiletreiniger,RecyclageparkÂ (KGA) Let wel: lege plastic flacons mogen in de PMD-zak
Tolueen,RecyclageparkÂ (KGA)
Toner,RecyclageparkÂ (KGA)
Touw,Restafvalzak
Transistorbatterijen,RecyclageparkÂ (KGA)
Trapladder (ijzer),RecyclageparkÂ (metaal)
Treinbilzen,Via privÃ© verwerker
Trichlooretheen,RecyclageparkÂ (KGA)
Triplexplaat,RecyclageparkÂ (hout)
Tuinslang,RecyclageparkÂ (perscontainer brandbaar afval)
Tuinstoel (plastic),RecyclageparkÂ (harde plastics)
Tuintafel (plastic),RecyclageparkÂ (harde plastics)
Turfzak,PMD-zak
UV- lamp,RecyclageparkÂ (KGA)
Uitwerpselen van dieren (grote hoeveelheden),Ruimdienst
Uitwerpselen van dieren (kleine hoeveelheden),Restafvalzak (Let wel: een restafvalzak mag max. 15 kg wegen) Mest van planteneters (zoals konijnen) kun je ook composteren.
Unaliet platen,RecyclageparkÂ (hout)
Vaas (glas of steen),RecyclageparkÂ (niet recycleerbaar)
Vanadium,RecyclageparkÂ (metaal)
Vanadiumzuur,RecyclageparkÂ (KGA)
Veegborstel (hout),RecyclageparkÂ (hout)
Veegvuil,Restafvalzak
Veldfles (metaal),RecyclageparkÂ (metaal)
Veldfles (plastic),RecyclageparkÂ (harde plastics)
Velg (autobanden),RecyclageparkÂ (metaal)
Vensterglas,RecyclageparkÂ (vlak glas)
Ventilator,RecyclageparkÂ (elektro)
Verbanden,Restafvalzak
Verbrijzeld glas,RecyclageparkÂ (vlak glas)
Verdunner,RecyclageparkÂ (KGA)
Verf,RecyclageparkÂ (KGA)
Verfafbijter,RecyclageparkÂ (KGA)
Verfborstel,RecyclageparkÂ (KGA)
Verfpot,RecyclageparkÂ (KGA)
Verfrissingsdoekje,Restafvalzak
Vernis,RecyclageparkÂ (KGA)
Verpakking (karton),Papier en karton
"Verpakking (papier, niet geplastificeerd)",Papier en karton
"Verplegingsafval (thuisverpleging, niet risicohoudend)",Restafvalzak
Versheidsfolie (plastic),PMD-zak
Vervallen eetwaren,Restafvalzak (Let wel: een restafvalzak mag max. 15 kg wegen)
Vervuild papier,Restafvalzak
Verwarmingskussen,RecyclageparkÂ (elektro)
Vetten,RecyclageparkÂ (KGA)
Vezelplaat,RecyclageparkÂ (hout)
Videobanden,Restafvalzak
Videocamera,RecyclageparkÂ (elektro)
Videocassettes,Restafvalzak
Videorecorder,RecyclageparkÂ (elektro)
Vijs,RecyclageparkÂ (metaal)
Viltstift,RecyclageparkÂ (KGA)
Vinylplaat,Restafvalzak
Vislijn,RecyclageparkÂ (perscontainer brandbaar afval)
Visresten,Restafvalzak
Vitaminebereidingen,Restafvalzak
Vlak glas (zonder metaal),RecyclageparkÂ (vlak glas)
Vleesmolen,RecyclageparkÂ (elektro)
Vleesresten,Restafvalzak
Vlekkenwater,RecyclageparkÂ (KGA)
Vliegengordijn,Restafvalzak
Vliegenvanger,RecyclageparkÂ (KGA)
Vloeibare medicijnen,Apotheker
Vloerreiniger,RecyclageparkÂ (elektro)
Vlooienband,RecyclageparkÂ (KGA)
Vochtig doekje,Restafvalzak
Vod,Restafvalzak
Voedingsspuitbus (leeg),PMD-zak
Voegpasta,RecyclageparkÂ (KGA)
Voetbal,Restafvalzak
Voetmassage,RecyclageparkÂ (elektro)
Voetmat,Restafvalzak
Vogelzaad,Restafvalzak (Let wel: een restafvalzak mag max. 15 kg wegen)
Vogelzand,Restafvalzak (Let wel: een restafvalzak mag max. 15 kg wegen)
Voltapijt,Restafvalzak(kleine stukken) of indien te groot: RecyclageparkÂ (perscontainer brandbaar grofvuil)
Vuil papier,Restafvalzak
Vuilblik (metaal/kunststof),RecyclageparkÂ (metaal) / Restafvalzak
Vulpen,RecyclageparkÂ (KGA)
Vuurvaste schalen,RecyclageparkÂ (niet recycleerbaar afval)
Vuurvaste schotel (glas of aardewerk),RecyclageparkÂ (niet recycleerbaar)
Vuurwapen,Politie bellen
Vuurwerk,Politie of verkoper (vuurwerk wordt niet aanvaard op het recyclagepark)
WC-borstel,Restafvalzak
WC-pot,RecyclageparkÂ (niet recycleerbaar)
WC-reiniger,"WC-ontkalkersÂ kunnen perfect gerecycleerd worden. Je mag ze dan ook bij PMDÂ sorteren, tenzij er Ã©Ã©n van onderstaande pictogrammen op de verpakking staat: Verpakkingen met kindveilige sluiting zijn niet toegelaten bij PMD: Verpakkingen met Ã©Ã©n van deze pictogrammen, en met kindveilige sluiting moeten naar hetÂ RecyclageparkÂ Â (KGA)Â"
WC-rol,Papier en karton
Wafelijzer,RecyclageparkÂ (elektro)
Wafelijzers,RecyclageparkÂ elektro)
Warmwaterkruik,Restafvalzak
Wasbak (porselein),RecyclageparkÂ (niet recycleerbaar)
Wasbenzine,RecyclageparkÂ (KGA)
Wasco,Restafvalzak
Wasdraad,Restafvalzak
Washandje,Bevuild:Â Restafvalzak 	Versleten: textielcontainer 	Herbruikbaar: textielcontainerÂ of de Kring(loop)winkel
Wasmachine,RecyclageparkÂ (elektro)
Wasmachine (bruikbaar),Kring(loop)winkel
Wasmand,RecyclageparkÂ (harde plastics)
Wasmiddel (lege flacon),PMD-zak
Waspoeder,RecyclageparkÂ (KGA)
Waspoeder (leeg karton),Papier en karton
Wasverzachter (lege flacon),PMD-zak
Waterfilters,RecyclageparkÂ (elektro)
Waterkokers,RecyclageparkÂ (elektro)
Watte,Restafvalzak
Watten,Restafvalzak
Wattenstaafje,Restafvalzak
Waxen,RecyclageparkÂ (KGA)
Weegschaal,RecyclageparkÂ (elektro)
Wegenkaart,Papier en karton
Wekkers,RecyclageparkÂ (elektro)
Welfsels (betondallen),RecyclageparkÂ (steenpuin)
Wenskaart,Papier en karton
White spirit,RecyclageparkÂ (KGA)
Wieg,RecyclageparkÂ (hout)
Wieg (bruikbaar),Kringwinkel
Wieldeksel,Plastic wieldeksel: (recyclagepark) harde plastics Metalen wieldeksel: (recyclagepark) metaal
Wijnfles (leeg),Glasbol
Wok (elektrisch),RecyclageparkÂ (elektro)
X-straalfoto,RecyclageparkÂ (KGA)
XPS- voedingsschaaltjes,"PMD-zak EPS- schaaltjes, vb van vlees, mogen in de blauwe zak. Hangt er doorzichtige folie aan? Maak die dan wel los en gooi die apart in de blauwe zak."
Xyleen,RecyclageparkÂ (KGA)
Xyleen,RecyclageparkÂ (KGA)
Yoghurt,Restafvalzak
Yoghurtbeker,PMD-zak
Yoghurtfles (glas),Glasbol
Yoghurtfles (kunststof),PMD-zak
Yoghurtkarton (leeg),PMD-zak
Yoghurtmaker,RecyclageparkÂ (elektro)
Yoghurtpot (kunststof/glas),PMD-zak / Glasbol
Yoghurtpotjes,PMD-zak
Ytongblok,RecyclageparkÂ (niet recycleerbaar afval)
Zaag,RecyclageparkÂ (metaal)
Zaag (elektrisch),RecyclageparkÂ (elektro)
Zaagmeel,Thuiscomposteren (enkel van zuiver hout) / RecyclageparkÂ (hout)
Zakdoek (papier),Restafvalzak
Zakken (jute),Restafvalzak
Zakken (papier),Papier en karton
Zakken (plastic),PMD
Zaklamp,Recyclagepark (elektro)
Zaklamp (bruikbaar),Kringwinkel
Zakmes,RecyclageparkÂ (metaal)
Zalf (rest in tube),Apotheker
Zand,RecyclageparkÂ (steenpuin)
Zandzakken (leeg),Restafvalzak
Zeemvel,Restafvalzak
Zeep,Recyclagepark (KGA) Let wel: lege plastic flacons mogen in de PMD-zak
Zeepflacons (leeg),"Â Flacons van onder meer zeep, douchegel en shampooÂ horen thuis in de PMD-zak."
Zelfklevend papier,Restafvalzak
Zetel,Recyclagepark (perscontainer brandbaar afval) + eventueel: metaal bij metaal / hout bij hout
Zetel (bruikbaar),Kringwinkel
Zetelhoes,Bevuild: restafvalzak 	Versleten:Â textielcontainer 	Herbruikbaar: textielcontainerÂ of de Kring(loop)winkel
Zetelkussen,Recyclagepark (perscontainer brandbaar afval)
Zetpillen,Apotheker
Zijden bloem,Restafvalzak
Zilverpapier,Restafvalzak
Zilverpoets,Recyclagepark (KGA)
Zink,Recyclagepark (metaal)
Zonnebank (zonder lampen,Recyclagepark (elektro)
Zonnebanklampen,Recyclagepark (KGA)
Zonnebril,Restafvalzak
Zonnecreme (lege flacon),PMD-zak
Zonnepanelen,Op www.pvcycle.be vind je de erkende inzamelpunten
Zout,Recyclagepark (KGA)
Zoutzuur,Recyclagepark (KGA)
Zuren,Recyclagepark (KGA)
Zwangerschapstest,Apotheker
Zwavelzuur,Recyclagepark (KGA)
Zwembad en -bandje,Restafvalzak
afsluitfolie (vb van yoghurt),PMD-zak MaakÂ deÂ folie los van hetÂ bakjeÂ en gooi ditÂ los van elkaar in de zak.
auto-olie,Motorolie hoort op het recyclagepark bij KGA Giet de motorolie in de verpakking of in een andere plastic fles (geen flessen van frituurolie of ander gevaarlijke afvalstoffen)
capsule van koffie,Een koffiekapsule hoort in deÂ Restafvalzak Â
chips -zak,chipszakken mogen in deÂ PMD-zak. Chips-tubes moeten in de restafvalzak. (zoals Springles)
opblaasbaar zwembad,Restafvalzak Of bij het brandbaar afval op het recyclagpepark.
plastic verpakking koekjes,Deze plastic verpakking magÂ in deÂ PMD-zak. Â
printpapier,Papier en karton
tuinafval,zie: http://www.mirom.be/waarheen-met-mijn-tuinafval
