Orgineel,Synoniem,Dialect
Aansteker,Allumeur,1
Aansteker,Briquet,1
Aardappelschil,Patattenschel,1
Aardappelschil,Petetteschel,1
Aarde,Grond,0
Aardewerk,Gleierwerk,1
Aardewerk,Pottekarree,1
Aftershave,Kinfris,0
Aftershave,Scheerlotion,0
Alcohol,Sterke drank,0
Alcoholstift,Alkoolstift,1
Alcoholstift,Benzinestift,0
Alcoholstift,Dikke stift,0
Alcoholstift,Merkstift,0
Alcoholstift,Viltstift,0
Aluminiumfolie,Zilverpapier,0
Antivries,Antigel,1
Arduin,Ardoan,1
Arduin,Arduinsteen,0
Arduin,Blauwe steen,1
Arduin,Blauwsteen,0
Arduin,Borduur,0
Arduin,Hardsteen,0
Arduin,Kolenkalksteen,0
Arduin,Petit granit,1
Asbesthoudend materiaal,Aminanthoudend materiaal,0
Asbesthoudend materiaal,Steenvlashoudend materiaal,0
Asfalt,Aardhars,0
Asfalt,Macadam,0
Asfalt,Tarmac,0
Audiocassette,Audiotape,0
Baksteen,Briek,1
Baksteen,Kareel,1
Baksteen,Klinker,0
Baksteen,Kreel,1
Baksteen,Moef,1
Balpen,Ballpoint,1
Balpen,Bic,1
Balpen,Kogelpen,0
Balpen,Stylo,1
Band,Autoband,0
Barbecue-stel,Barbecu-stel,1
Barbecue-stel,Bbq-stel,1
Barometer,Luchtdrukmeter,0
Batterij,Piele,1
Batterij,Pile,1
Beenderen,Gebeente,0
Beenderen,Geraamte,0
Beenderen,Karkas,0
Beenderen,Skelet,0
Behanglijmoplosser,Behangafweekmiddel,0
Behangpapier,Frut,1
Behangpapier,Meubelpapier,1
Beits,Sapsel,1
Benzine,Naft,1
Benzine,Nafte,1
Bestek,Couvert,0
Bestek,Eetgerei,0
Bestek,Eetgerief,1
BH,Beha,0
BH,Bustehouder,0
BH,Bustier,0
BH,Loesbril,1
BH,Soutien,1
BH,Tettegarage,1
Bierfles,Pintje,1
Bierviltje,Bierkaartje,1
Bierviltje,Onderleggerke,1
Bladeren,Blaaien,1
Bladeren,Gebladerte,0
Bladeren,Kruin,0
Bladeren,Loof,0
Bleekwater,Eau de javel,1
Bleekwater,Javel,1
Bleekwater,Javelwater,1
Blikje,Conservenblikje,0
Bloem,Bakmeel,0
Bloem,Meel,0
Bloemen,Bloemekee,1
Bloemen,Bloemetjes,0
Bloemen,Bloempjes,0
Bloemen,Bloms,1
Bloemen,Boekee,1
Bloemen,Boeket,0
Bloemen,Ruiker,0
Bloempot,Cache-pot,1
Bloempot,Pot,0
Bloempot,Pottecaree,1
Boek,Leesboek,0
Boek,Paperback,0
Boek,Pocketboek,0
Boekentas,Bazas,1
Boekentas,Calpin,1
Boekentas,Cannasière,1
Boekentas,Kabas,1
Boekentas,Kalpei,1
Boekentas,Kannasière,1
Boekentas,Karnasjeir,1
Boekentas,Kazak,1
Boekentas,Kepelder,1
Boekentas,Kolbas,1
Boekentas,Schooltas,0
Boenwas,Wrijfwas,0
Boiler,Geiser,0
Boiler,Warmwaterketel,0
Boiler,Warmwatertoestel,0
Boiler,Warmwatervat,0
Boiler,Waterboiler,0
Boiler,Waterverwarmer,0
Bokaal,Conserveerpot,1
Bokaal,Steriliseerbokaal,0
Bolletjesfolie,Bollekesplastiek,1
Bolletjesfolie,Bolletjesplastic,0
Bolletjesfolie,Bubbelfolie,1
Bolletjesfolie,bubbeltjesplastic,0
Bolletjesfolie,Noppenfolie,0
Boomschors,Schors,0
Boomstronk,Aarsgat,1
Boomstronk,Jeisgat,1
Boomstronk,Stronk,0
Boomstronk,Tronk,0
Bord,Taljoor,1
Bord,Talloor,1
Bord,Teljoor,0
Bord,Telloor,1
Braadpan,Bakpan,0
Braadpan,Casserole,1
Braadpan,Kookpan,0
Braadpan,Stoofpot,0
Braadpan,Sudderpan,0
Braadpan,Tiele,1
Brandblusapparaat,Brandblusser,0
Brandmelder,Rookdetector,0
Brandmelder,Rookmelder,0
Brandspiritus,Brandalcohol,0
Brandspiritus,Spiritus,0
Breinaald,Breipen,0
Breinaald,Haaknaald,0
Breinaald,Priem,1
Breinaald,Sjtrikpen,1
Breinaald,Stopnaald,0
Breinaald,Strikiezer,1
Breinaald,Strikijzer,1
Brievenbus,Boite,1
Brievenbus,Brievenbwotte,1
Brievenbus,Klakker,1
Brievenbus,Postbus,0
Brikverpakking,Brik,0
Brikverpakking,Tetrabrik,0
Brikverpalling,Tetrapak,0
Bril,Leesbril,0
Broeksriem,Ceintuur,0
Broeksriem,Centuur,1
Broeksriem,Riem,0
Broodrooster,Bruudruuster,1
Cadeaupapier,Geschenkpapier,0
Cadeaupapier,Geschenkverpakking,0
Cadeaupapier,Inpakpapier,0
Capsule,Cachet,0
Capsule,Gelule,1
Capsule,Kapsul,1
Capsule,Pastille,0
Capsule,Pil,0
Capsule,Tablet,0
Carbolineum,Carbol,0
Carbolineum,Creosootolie,0
Carbolineum,Teerolie,0
Carbonpapier,Kalkeerpapier,1
Casette,Banneke,1
Casette,Casetteband,0
Casette,Filmcassette,0
Casette,Muziekcassette,0
Casette,VHS,0
Casette,Videoband,0
Casette,Videocassette,0
CD-doosje,Ceedee-doosje,0
CD-doosje,Compact disk-doosje,0
CD-doosje,Compactplaat-doosje,0
CD-schijfje,Ceedee-schijfje,0
CD-schijfje,Compact disc-schijfje,0
CD-schijfje,Compactplaat-schijfje,0
Cellenbeton,Gasbeton,0
Cellenbeton,Ytongblok,1
Cellofaanpapier,Cellofaan,0
Chloroform,Methyltrichloride,0
Chloroform,Trichloormethaan,0
Chocolade,Fondant,-2
Chocolade,Praline,-2
Chocolade,Sjokla,1
Chocolade,Sjukla,1
Computer,Homecomputer,0
Computer,Microcomputer,0
Computer,PC,0
Confituurpot,Jampot,0
Confituurpot,Spijspot,1
Contactlens,Contactglas,0
Correctievloeistof,Blunderkalk,1
Correctievloeistof,Flaterwater,1
Correctievloeistof,Officiersinkt,1
Correctievloeistof,Tipp-Ex,0
Correctievloeistof,Type-ex,0
Correctievloeistof,Typex,0
Correctievloeistof,Witkwast,1
Correctorverdunner,Blunderkalkverdunner,1
Correctorverdunner,Flaterwaterverdunner,1
Correctorverdunner,Officiersinktverdunner,1
Correctorverdunner,Tipp-Exverdunner,0
Correctorverdunner,Type-exverdunner,0
Correctorverdunner,Witkwastverdunner,1
Cosmetica,Haarlak,-2
Cosmetica,Haarspray,0
Cosmetica,Schoonheidsproduct,0
Dekbed,Deken,0
Dekbed,Donsdeken,0
Dekbed,Overtrek,0
Dekbed,Sargie,1
Dekbed,Sasie,1
Dekbed,Serze,1
Dekbed,Seus,1
Dekbed,Seuzze,1
Dekbed,Sjarge,1
Dekbed,Sjarze,1
Dekbed,Soase,1
Dekbed,Soaze,1
Dekbed,Sorze,1
Dekbed,Sprei,0
Deksel,Hulle,1
Deksel,Scheel,1
Deksel,Ulle,1
Deodorant,Deo,0
Detergent,Detergens,0
Detergent,Reinigingsmiddel,0
Detergent,Wasmiddel,-2
Detergent,Waspoeder,-2
Detergent,Zeep,-2
Detergent,Zeeppoeder,-2
Dettol,Chloorxylenol,0
Dicteerapparaat,Dictafoon,0
Dicteerapparaat,Memorecorder,0
Dicteerapparaat,Voicerecorder,0
Dierlijke uitwerpselen,Mest,0
Diesel,Dieselolie,0
Diesel,Gasolie,0
Diskette,Floppy,0
Diskette,Floppydisk,0
Dop,Stop,0
Dop,Stopke,1
Dop,Tsjoep,1
Drinkbeker,Drinkbus,0
Drinkbeker,Drinkkroes,0
Drinkbeker,Kelk,0
Drinkbeker,Kroes,0
Drinkbeker,Mok,0
Drooglijn,Droogdraad,0
Drooglijn,Wasdraad,0
Drooglijn,Waslijn,0
Dweil,Opneemdoek,0
Dweil,Opneemvod,0
Dweil,Schotelvod,0
Dweil,Vaatdoek,0
Dweil,Vod,0
Eierschaal,Eierschelp,1
Elektriciteitsdraad,Elektriciteitsleiding,0
Emmer,Aker,0
Emmer,Auker,1
Emmer,Putemmer,0
Emmer,Seule,1
Emmer,Tob,1
Emmer,Tobbe,1
Envelop,Briefomslag,0
Envelop,Enveloppe,0
Envelop,Omslag,0
Epoxyhars,Epoxylijm,0
Etensresten,Knuis,1
Etensresten,Kwet,1
Eternit,Etex,2
Ethanol,Ethylalcohol,0
Ether,Di-ethylether,0
Ether,Ethoxyethaan,0
Eyeliner,Ogenstift,0
Eyeliner,Ooglijner,0
Eyeliner,Oogpenseel,0
Eyeliner,Oogpotlood,0
Faience,Plateelwerk,0
Fiets,Rijwiel,0
Fiets,Stalen ros,1
Fiets,Tweewieler,0
Fiets,Velo,0
Fietsband,Binnenband,0
Fietsband,Buitenband,0
Fietsband,Luchtband,0
Fietsband,Rubberband,0
Fietsband,Tuub,1
Fietshelm,Helm,0
Fietshelm,Koershelm,1
Filmrolletje,Filmstrook,0
Filmrolletje,Fotorolletje,0
Filter van dampkap,Afzuigkapfilter,0
Filter van dampkap,Dampkapfilter,0
Fineerhout,Fineer,0
Fineerhout,Opleghout,0
Fineerhout,Plakhout,1
Fixeervloeistof,Fixeer,0
Fixeervloeistof,Fixeermiddel,0
Flacon,Heupfles,0
Fles,Bottel,1
Flesopener,Aftrekker,1
Flesopener,Flessenopener,0
Flesopener,Jupilateur,1
Flesopener,Opendoender,1
Flesopener,Stoppentrekker,1
Flesopener,Ullewupper,1
Flesopener,Ziboulateur,1
Flosdraad,Floss,0
Flosdraad,Tandzijde,0
Fluostift,Accentueerstift,0
Fluostift,Arceerstift,0
Fluostift,Blekstifte,1
Fluostift,Fluorstift,0
Fluostift,Markeerstift,0
Folie,Foelie,0
Fond de teint,Bruinsel,1
Fond de teint,Foundation,0
Fopspeen,Futte,1
Fopspeen,Loete,1
Fopspeen,Lokkedizze,1
Fopspeen,Teute,1
Fopspeen,Tut,1
Fopspeen,Tutter,0
Formol,Formaline,0
Formol,Formaline,0
Formol,Methanal,0
Formol,Sterk water,0
Fosforzuur,Orthofosforzuur,0
Foto,Kiekje,0
Fotocamera,Fototoestel,0
Frituurvet,Frietvet,0
Frituurvet,Fritvet,1
Gasfles,Gascilinder,0
Gasfles,Gasreservoir,0
Gebak,Banket,0
Gebak,Biscuit,-1
Gebak,Cake,-1
Gebak,Eclair,-1
Gebak,Koek,0
Gebak,Koffiekoek,-1
Gebak,Pateeke,1
Gebak,Patisserie,0
Gebak,Taart,0
Gel,Brillantine,0
Gelaagd glas,Kogelbestendig glas,0
Gelaagd glas,Kogelvrij glas,0
Gelaagd glas,Kogelwerend glas,0
Gelaagd glas,Veiligheidsglas,0
Geneesmiddel,Heelmiddel,0
Geneesmiddel,Medicament,0
Geneesmiddel,Medicatie,0
Geneesmiddel,Medicijn,0
Geneesmiddel,Preparaat,0
Gewichten,Halters,0
Gif,Vergif,0
Gif,Vergift,0
Gips,Plaaster,1
Gips,Pleister,0
Gipsplaat,Gipskartonplaat,0
Gipsplaat,Gipsvezelplaat,0
Gipsplaat,Gyproc,0
Gipsplaat,Gyprocplaten,0
Glasvezel,Fiber,0
Glasvezel,Fibre,0
Glasvezelbehang,Fleezdoek,0
Glasvezelbehang,Glasvliesbehang,0
Glasvezelbehang,Kaarsdoek,0
Glasvezelbehang,Tasso,0
Gordijn,Draperie,1
Gordijn,Gerdien,1
Gordijn,Overgordijn,0
Gordijn,Stoor,1
Gordijn,Vitrage,0
Grammofoonplaat,Elpee,0
Grammofoonplaat,Fonoplaat,0
Grammofoonplaat,Langspeelplaat,0
Grammofoonplaat,LP,0
Grammofoonplaat,Plaat,0
Grammofoonplaat,Vinylplaat,0
Gras,Gès,1
Graszode,Plag,0
Graszode,Plagge,0
Gsm,Mobiele telefoon,0
Gsm,Mobieltje,0
Haarschuim,Haarmousse,0
Haarschuim,Hairfoam,0
Haarverf,Haarkleuring,0
Haarverf,Haarkleurmiddel,0
Halssnoer,Collier,0
Halssnoer,Halsketting,0
Halssnoer,Parelketting,0
Hamer,Amere,1
Hamer,Hamel,1
Handdoek,Keukenhanddoek,0
Handdoek,Nantoek,1
Handschoen,Aese,1
Handschoen,Haas,1
Handschoen,Haos,1
Handschoen,Heisj,1
Handschoen,Want,0
Handtas,Buidel,0
Handtas,Chacoche,1
Handtas,City-bag,0
Handtas,Kabas,0
Handtas,Kazak,0
Handtas,Sacoche,1
Handtas,Schoudertas,0
Handtas,Sjakosse,1
Hangslot,Carna,1
Hangslot,Maalslot,1
Hangslot,Molslot,1
Hangslot,Paddeslot,1
Hoed,Chapeau,0
Hoed,Klak,1
Hoed,Klakke,1
Hoed,Pet,0
Hondenpoep,Hondendrol,0
Horloge,Aloyze,1
Horloge,Klökske,1
Horloge,Leuzie,1
Horloge,Leuzze,1
Horloge,Losie,1
Horloge,Lozie,1
Horloge,Polshorloge,0
Horloge,Uurwerk,0
Horloge,Zakhorloge,0
Houtbeschermingsmiddel,Houtverduurzamingmiddel,0
Houtkrullen,Houtkrollen,1
Houtskool,Carbo,0
Houtskool,Verkoold hout,0
Ijzer,Ferrum,0
Incontinentiemateriaal,Incontinentieluier,0
Inktpatroon,Cartridge,0
Inktpatroon,Inktcartouche,0
Inktpatroon,Inktcartridge,0
Inlegkruisje,Damesverband,0
Inlegkruisje,Maandverband,0
Insectenspray,Citronel spray,0
Insectenspray,DEET,2
Isomo,Depron,0
Isomo,Frigoliet,1
Isomo,Geëxpandeerd polystyreen,0
Isomo,Piepschuim,0
Isomo,Polystyreen,0
Isomo,PS-hardschuim,0
Isomo,Styropor,0
Isomo,Tempex,0
Kaars,Bougie,1
Kaars,Keske,1
Kaarsvet,Kaarsroet,0
Kaarsvet,Kjeisriet,1
Kaart met magneetband,Kaart met magneetstrip,0
Kapstok,Frakstok,1
Kapstok,Kleerhanger,0
Kapstok,Klerenstandaard,0
Kapstok,Porte manteau,1
Karton,Bordpapier,0
Karton,Doze,1
Kassei,Kassietse,1
Kassei,Kinderhoofdje,0
Kassei,Kinderkopje,0
Kassei,Kletskop,1
Kassei,Kolsie,1
Kassei,Straatkei,0
Kerstboom,Kerstenbuum,1
Kerstboom,Krisboum,1
Ketchup,Ketsiap,0
Ketchup,Tomatenketchup,0
Ketchup,Tomatonaise,0
Ketting,Keten,0
Ketting,Schakelketting,0
Keukenrol,Huishoudrol,0
Keukenrol,Keukenpapier,0
Kleding,Garderobe,0
Kleding,Klederen,0
Kleding,Kledij,0
Kleding,Kleed,0
Kleding,Kleedsel,0
Kleding,Kleergoed,0
Kleding,Kleren,0
Kleding,Plunje,0
Kleding,Tenue,0
Kleefpapier,Afplakker,1
Kleefpapier,Etiket,0
Kleefpapier,Plakfolie,0
Kleefpapier,Plakker,1
Kleefpapier,Zelfklever,0
Klever,Sticker,0
Knoopcel,Button cell,1
Knoopcel,Coin cell,1
Knoopcel,Knoopbatterij,0
Knoopcel,Knoopcelbatterij,0
Koelvloeistof,Koelmiddel,0
Koffiedik,Drab,0
Koffiedik,Dras,1
Koffiedik,Grons,1
Koffiedik,Grus,1
Koffiedik,Koffiebezinksel,0
Koffiedik,Koffiedrab,0
Koffiedik,Koffiedras,1
Koffiedik,Koffiegruis,0
Koffiedik,Koffieprut,0
Koffiefilter,Kaffeebeus,1
Koffiefilter,Rampenauke,1
Kokosnoot,Klapper,0
Kokosnoot,Klappernoot,0
Kokosnoot,Kokernoot,1
Kokosnoot,Kokosvrucht,0
Kompres,Compressieverband,0
Kompres,Drukverband,0
Kompres,Verband,0
Koper,Koperwerk,0
Koper,Roodkoper,0
Koperpoets,Koperglans,0
Kraan,Afsluitkraan,0
Kraan,Hoofdkraan,0
Kraan,Mengkraan,0
Kraan,Tap,0
Krant,Avondblad,0
Krant,Courant,0
Krant,Dagblad,0
Krant,Gazet,0
Krant,Gazette,1
Krant,Nieuwsblad,0
Krant,Ochtendblad,0
Krant,Zondagskrant,0
Kristal,Kristalglas,0
Kroonkurk,Bierpotteke,1
Kroonkurk,Dansluiting,0
Kroonkurk,Schuutje,1
Kroonkurk,Stopke,1
Kroonkurk,Teilke,1
Kunstgebid,Tandprothese,0
Kunstgebit,Vals gebit,0
Kunstgebit,Valse tanden,0
Kunstmest,Gemic,1
Kunststof map,Hechtmap,0
Kunststof map,Kunststof L-map,0
Kunststof map,Ringband,0
Kunststoffles,Dopper,2
Kussen,Hoofdkussen,0
Kussen,Huppeling,1
Kussen,Kopkussen,1
Kussen,Oorkussen,1
Kussen,Peluw,0
Kussensloop,Fluwijn,1
Kussensloop,Kussenovertrek,0
Kussensloop,Traversin,1
Kwik,Kwikzilver,0
Laptop,Notebook,0
Laptop,Schootcomputer,0
Lavabo,Handenwasser,1
Lavabo,Lampetkom,1
Lavabo,Lavoir,1
Lavabo,Soemel,1
Lavabo,Wasbak,0
Lavabo,Wasbekken,0
Lavabo,Waskom,0
Lavabo,Wastafel,0
Lederwaar,Leder,0
Lederwaar,Leer,0
Lederwaar,Leerwaar,0
Lei,Leisteen,0
Lei,Schalie,0
Lei,Schiefer,0
Lepel,Leper,1
Lijm,Adhesief,0
Lijm,Col,1
Lijm,Colle,1
Lijm,Kleefmiddel,0
Lijm,Kleefpasta,0
Lijm,Kleefstof,0
Lijm,Kol,1
Lijm,Plakmiddel,0
Lijm,Plaksel,1
Lippenstift,Lipbalsem,0
Lippenstift,Lipstick,0
Lippenstift,Lipstift,0
Lucifer,Solverstekske,1
Lucifer,Spikske,1
Lucifer,Stekje,0
Lucifer,Stekske,1
Lucifer,Stormlucifers,-1
Lucifer,Sulfer,1
Lucifer,Surfel,1
Lucifer,Vuurhoutje,0
Lucifer,Zweingel,1
Luier,Pamper,0
Luier,Pisbroek,1
Luier,Pisdoek,1
Magneet,Plakijzer,1
Magneet,Plekijzer,1
Magneet,Trekijzer,1
Magneet,Trekizer,1
Magneet,Trekstaal,1
Magneet,Zeilsteen,1
Mascara,Eyeblack,0
Mascara,Ogenzwart,0
Mayonaise,Mayo,0
MDF,Medium-Density Fibreboard,0
Mes,Broodmes,-1
Mes,Kapmes,-1
Mes,Keukenmes,-1
Mes,Mit,0
Mes,Pennenmes,-1
Mes,Scheermes,-1
Mes,Stiletto,-1
Mes,Vleesmes,-1
Mes,Zakmes,-1
Metaalpoets,Brasso,2
Metaalpoets,Koperglans,0
Metaalpoets,Koperpoets,0
Metaalpoets,Polijstmiddel,0
Methanol,Brandalcohol,0
Methanol,Brandspiritus,0
Methanol,Carbinol,0
Methanol,Houtgeest,0
Methanol,Methylalcohol,0
Methanol,Spiritus,0
Meubel,Ameublement,0
Meubel,Meubelstuk,0
Meubel,Meubilair,0
Multiplex,Multiplexplaat,0
Multiplex,Triplex,0
Multiplex,Triplexplaat,0
Munitie,Ammunitie,0
Nagellakverwijderaar,Dissolvent,1
Nagellakverwijderaar,Nagellakremover,0
Natronkalkglas,Pyrex,2
Natronkalkglas,Pyrexglas,2
Neonlamp,Argonbuis,0
Neonlamp,Argonlamp,0
Neonlamp,Heliumbuis,0
Neonlamp,Heliumlamp,0
Neonlamp,Kryptonbuis,0
Neonlamp,Kryptonlamp,0
Neonlamp,Neonbuis,0
Neonlamp,Xenonbuis,0
Neonlamp,Xenonbuis,0
Nietjesmachine,Nietapparaat,0
Nietjesmachine,Nieter,0
Nietjesmachine,Nietjesmachien,1
Nietjesmachine,Nietmachien,1
Nietjesmachine,Nietmachine,0
Nietjesmachine,Pinnekesmachien,1
Nietjesmacine,Pinmachine,1
Nummerplaat,Kenteken,0
Nummerplaat,Kentekenplaat,0
Nummerplaat,Nummerbord,0
Nummerplaat,Plak,1
Omheining,Afrastering,0
Omheining,Afspanning,0
Omheining,Betuining,0
Omheining,Heining,0
Omheining,Hek,0
Omheining,Omrastering,0
Omheining,Omtuining,0
Omheining,Schutsel,1
Omheining,Schutting,0
Omheining,Stichel,1
Omheining,Stikkel,1
Omwikkelfolie,Wikkelfolie,0
Ondergoed,Combiné,1
Ondergoed,Lingerie,0
Ondergoed,Onderkleding,0
Onkruid,Ruske,1
Onkruid,Verrekesjè,1
Ontkalker,Ontkalkingsmiddel,0
Ontsmettingsmiddel,Antisepticum,-1
Ontsmettingsmiddel,Desinfectans,-1
Ontsmettingsmiddel,Desinfecterend middel,-1
Ontsmettingsmiddel,Desinfectievloeistof,-1
Ontsmettingsmiddel,Ontsmettingsalcohol,-1
Ontstopper,Gootsteenontstopper,0
Ontstopper,Rioolrat,1
Ontstopper,vloeibare ontstopper,0
Ontstopper,Wc-ontstopper,0
Ontvetter,Terpentijn,0
Ontvetter,Terpentine,0
Ontvetter,Thinner,2
Ontvetter,Verdunner,0
Ontvetter,Vetverwijderaar,0
Ontvetter,Wasbenzine,-2
Ontvetter,White spirit,2
Ontvlekker,Vlekverwijderaar,0
Ontwikkelvloeistof,kaliumsulfiet,0
Opaline glas,Opaline,0
Oven,Bakkersoven,-2
Oven,Bakoven,0
Oven,Heteluchtoven,-2
Oven,Magnetronoven,-2
Oven,Pizzaoven,-2
Oven,Stoomoven,-2
Oven,Zonneoven,-2
Pallet,Drankenpallet,-2
Pallet,Europallet,-2
Pallet,Laadbord,0
Pallet,Laadplaat,0
Pallet,Poolpallet,-2
Pallet,Standaardpallet,-2
Pan,Kookpot,0
Pan,Pot,0
Papier,Paperassen,1
Paraplu,Regenscherm,0
Parasol,Zonnescherm,0
Parfum,Geurstof,0
Parfum,Odeur,0
Parfum,Reukstof,0
Parfum,Reukwater,0
Perforator,Gaatjesmachien,1
Perforator,perforateur,0
Perforator,Perforeermachine,0
Pesticide,Herbicide,0
Pesticide,Insecticide,0
Pesticide,Onkruidverdelger,0
Pesticide,Onkruidverdelgingsmiddel,0
PET-fles,petfles,0
PET-fles,Plastic fles,0
PET-fles,Polyethyleentereftalaat-fles,0
Pickles,Piccalilly,0
Pit,Zaad,0
Pit,Zaadkorrel,0
Plakband,Afdekplakband,-2
Plakband,Ducttape,-2
Plakband,Gaffertape,-2
Plakband,Isolatieplakband,-2
Plakband,Kleefband,0
Plakband,Lakker,1
Plakband,Lastape,-2
Plakband,Omboordplakband,-2
Plakband,Papierplakband,-2
Plakband,Plaklint,1
Plakband,Tape,0
Plakband,Verpakkingsplakband,-2
Plank,Balk,0
Plank,Blad,0
Plank,Plaat,0
Plant,Kamerplant,-2
Plant,Kasplant,-2
Plant,Struik,-2
Plant,Tuinplant,-2
Pluim,Slagpen,0
Pluim,Vogelveer,0
Polymethylmethacrylaat,Acrylaat,0
Polymethylmethacrylaat,Altuglas,2
Polymethylmethacrylaat,Oroglas,2
Polymethylmethacrylaat,Perspex,2
Polymethylmethacrylaat,Plexiglas,2
Polymethylmethacrylaat,PMMA,0
Polymethylmethacrylaat,Propenoaat,0
Pop,Barbie,2
Pop,Etalagepop,-1
Pop,Handpop,-2
Pop,Marionet,0
Pop,Paspop,-1
Pop,Puppe,1
Porselein,Halfporselein,-2
Porselein,Kraakporselein,-2
Potlood,Aquarelpotlood,-2
Potlood,Conté-potlood,-2
Potlood,Crayong,1
Potlood,Houtskoolpotlood,-2
Potlood,Kerjong,1
Potlood,Kleurpotlood,-2
Potlood,Krajon,1
Potlood,Paringspotlood,-2
Potlood,Schrijfpotlood,-2
Potlood,Tekenpotlood,-2
Potlood,Timmermanspotlood,-2
Printercartridge,Printercassette,0
Printercartridge,Printerlint,0
Pruik,Haarstukje,0
Pruik,Paruke,1
Pruik,Postiche,1
Pruik,Pruke,1
Pruik,Toupet,-2
Pruimtabak,Sjiekentoebak,1
Pruimtabak,Sjiektabak,0
Puin,Bouwval,0
PVC-buis,Elektrabuis,0
PVC-buis,Elektriciteitsbuis,0
PVC-buis,Installatiebuis,0
PVC-buis,Polivolt,1
Rattenvergif,Brodifacoum,-2
Rattenvergif,Bromadiolon,-2
Rattenvergif,Chloorfacinon,-2
Rattenvergif,Cumatetralyl,-2
Rattenvergif,Difacinon,-2
Rattenvergif,Difenacum,-2
Rattenvergif,Difethialon,-2
Rattenvergif,Flocumafen,-2
Rattenvergif,Rodenticide,0
Rattenvergif,Warfarine,-2
Reclamedrukwerk,Brochure,0
Reclamedrukwerk,Circulaire,0
Reclamedrukwerk,Flyer,-2
Reclamedrukwerk,Folder,0
Reclamedrukwerk,Pamflet,0
Reclamedrukwerk,Reclameblad,-2
Reclamedrukwerk,Reclamefolder,-2
Reclamedrukwerk,Rondschrijven,0
Reclamedrukwerk,Rondzendbrief,0
Reclamedrukwerk,Strooibiljet,0
Reclamedrukwerk,Vlugschrift,0
Regenpijp,Hemelwaterafvoer,0
Regenpijp,Regenwaterafvoer,0
Rietje,Stroiken,1
Rietje,Strooike,1
Rietje,Strootje,0
Ring,Chipring,-2
Ringmap,Classeur,1
Ringmap,Klapper,0
Ringmap,Klasseur,1
Ringmap,Multomap,0
Ringmap,Ordner,0
Ringmap,Ringband,0
Rolluik,Afrolder,1
Rolluik,Blaffetuur,1
Rolluik,Blavetuur,1
Rolluik,Lattestoor,1
Rolluik,Percheine,1
Rolluik,Persienne,1
Rolluik,Rolschets,1
Rolluik,Volè,1
Rolschaats,Inline-skate,-2
Rolschaats,Lijnrolschaats,-2
Rolschaats,Skeeler,-2
Rolschaats,Straatschaats,-2
Rolschaats,Wielschaats,-2
Roofing,Asfaltpapier,-2
Roofing,Dakbedekking,0
Roofing,Dakleer,-2
Roofing,Teerpapier,-2
Rubber,Caoutchouc,1
Rubber,Gummi,0
Rubber,Hardrubber,-2
Rubber,Kunstrubber,-2
Rubber,montagerubber,-2
Rubber,Pararubber,-2
Rubber,Schuimrubber,-2
Rubber,Sponsrubber,-2
Röntgenfoto,Röntgenopname,0
Röntgenfoto,X-straalfoto,0
Saus,Vleesjus,1
Saus,Vleesnat,0
Schaafkrullen,Schaafsel,0
Schaafkrullen,Schavelinge,1
Schaar,Scheir,1
Schaar,Sizo,1
Scheermes,Gilette,2
Scheermes,Gillette,2
Scheermes,Schaas,1
Scheermes,Schêês,1
Schmink,Blanketsel,0
Schmink,Make-up,0
Schmink,Maquillage,0
Schoen,Laars,-2
Schoen,Muil,-2
Schoen,Sandaal,-2
Schoen,Schoeisel,-2
Schoen,Wandelschoen,-2
Schoendoos,Schoenendoos,0
Schoenlepel,Schoentrekker,0
Schoensmeer,Blienk,1
Schoensmeer,Blink,0
Schoensmeer,Schoenblink,0
Schoensmeer,Schoencrème,0
Schoensmeer,Schoenpoets,0
Schoensmeer,Schoenschmink,0
Schroef,Bankvijs,-2
Schroef,Scheepsschroef,-2
Schroef,Vijs,0
Schuurpapier,Slispapier,1
Servet,Dekservet,-2
Servet,Serviette,1
Servet,Tafeldoek,0
Servet,Vingerdoek,0
Servies,Borden,-2
Servies,Dekschaal,-2
Servies,Eetservies,-2
Servies,Eierdopje,-2
Servies,Glasservies,-2
Servies,Kom,-2
Servies,Kopje,-2
Servies,Ontbijtservies,-2
Servies,Sauskom,-2
Servies,schotel,-2
Servies,Soepterrine,-2
Servies,Tafelservies,-2
Servies,Tafelvaatwerk,0
Servies,Theepot,-2
Servies,Theeservies,-2
Servies,Wegwerpservies,-2
Shampoo,Haarwasmiddel,0
Shampoo,Haarzeep,0
Sigaret,Cigarette,1
Sigaret,Cout,1
Sigaret,Saf,1
Sigarettenpeuk,Peuk,0
Sigarettenpeuk,Sigarettenstoemp,0
Silicoon,Silicon,0
Silicoon,Silicone,0
Sinaasappel,Appelsien,1
Sinaasappel,Ginappel,1
Sinaasappel,Seenappel,1
Skateboard,Schaatsplank,0
Skeeler,Lijnrolschaats,0
Skeeler,Straatschaats,0
Skeeler,Wielschaats,0
Slaapzak,Mafzak,1
Slaapzak,Slapzak,1
Smartphone,Pienterfoon,0
Snoeiafval,Snoeisel,0
Snoep,Snoepgoed,0
Snoep,Spekke,1
Snoep,Spekken,1
Soda,Baksoda,-2
Soda,Loogzout,0
Soda,Natriumcarbonaat,0
Soep,Maaltijdsoep,0
Solvent,Oplosmiddel,0
Spaarlamp,Compacte fluorescentielamp,0
Spaarlamp,Energiespaarlamp,0
Speelgoed,Babyspeelgoed,-2
Speelgoed,Kinderspeelgoed,-2
Speelgoed,Sinterklaasspeelgoed,-2
Speelgoed,Speeltuig,0
Spuit,Injectie,0
Spuit,Injectiespuit,0
Spuit,Pikuur,0
Steen,Kei,0
Steen,Kiezelsteen,0
Steen,Rotsblok,0
Stemvork,Diapason,0
Stofzuigerzak,Stofzak,0
Stookolie,Mazout,0
Strecthfolie,Krimpfolie,0
Stretchfolie,Handwikkelfolie,0
Stretchfolie,Rekfolie,0
Strooizout,Wegenzout,0
Struik,Heester,0
Suiker,Bietsuiker,-2
Suiker,Kristalsuiker,-2
Suiker,Rietsuiker,-2
Suiker,Sacharose,0
Suiker,Tafelsuiker,-2
Tabak,Pijptabak,-2
Tabak,Roltabak,-2
Tabak,Rookwaar,0
Tabak,Shag,-2
Tabak,Snuiftabak,-2
Tabak,Tabakswaren,0
Tabak,Toebak,1
Tafellaken,Ammelaken,1
Tafellaken,Tafelkleed,0
Tak,Twijg,0
Tampon,Kotextampon,-1
Tampon,Tampax,-1
Tandbeugel,Appareil,1
Tandbeugel,Blokbeugel,-2
Tandbeugel,Blokskes,1
Tandbeugel,Plaatbeugel,-2
Tandbeugel,Slotjesbeugel,-2
Tandpasta,Fluortandpasta,-2
Tandpasta,Kindertandpasta,-2
Tapijt,Karpet,0
Tapijt,Tapis-plain,1
Tapijt,Tapis-plein,1
Tapijt,Vloerkleed,0
Tapijt,Voltapijt,-2
Tegel,Plavei,1
Tegel,Stoeptegel,-2
Tegel,Vloertegel,-2
Tegel,Wandtegel,-2
Telefoonboek,Telefoongids,0
Textiel,Geotextiel,-2
Textiel,Huishoudtextiel,-2
Textiel,Kleding,0
Textiel,Textielwaar,0
Theelichthoudertje,Theekaarshouder,0
Theelichthoudertje,Waslichthouder,0
Theelichthoudertje,Waxinelichthouder,0
Theelichtje,Theekaars,0
Theelichtje,Waslicht,0
Theelichtje,Waxinelicht,0
Thermometer,Thermoscoop,0
Thermometer,Warmtemeter,0
Thermos,Isoleerkan,0
Thermos,Pompthermos,-2
Thermos,Thermofles,0
Thermos,Thermokan,0
Tijdschrift,Boekske,1
Tijdschrift,Magazine,0
Tijdschrift,Weekblad,-2
Tijdschrijft,Maandblad,-2
TL-lamp,Fluorescentielamp,0
TL-lamp,TL-buis,0
Toiletblok,Wc-blok,0
Toiletpot,Closetpot,0
Toiletpot,WC-pot,0
Toiletreiniger,WC-eend,-1
Toiletreiniger,WC-reiniger,0
Toner,Inktpoeder,0
Toner,Poederinkt,0
Touw,Koord,0
Touw,Koorde,0
Touw,Spantouw,0
Touw,Zeel,1
Trapladder,Huishoudtrap,0
Trapladder,Keukentrap,0
Trapladder,Reformladder,0
Trapladder,Schaarladder,0
Trapladder,Trapleer,0
Treinkaartje,Coupon,0
Treinkaartje,Reisbiljet,0
Treinkaartje,Treinbiljet,0
Tuingereedschap,Hofgerief,1
Tuingereedschap,Tuingerief,1
Tuinmeubel,Tuinbank,-2
Tuinmeubel,Tuintafel,-2
Tuinmeubel,Tuinzetel,-2
Tuinslang,Lans,1
Tuinslang,Waterdarm,1
UV-lamp,Black light lamp,0
UV-lamp,Ultraviolet lamp,0
Vaas,Bloemenvaas,-2
Vaas,Siervaas,-2
Veegborstel,Bezem,0
Veegborstel,Borstel,0
Veegborstel,Veger,0
Veegborstel,Vloervarken,1
Veegbortel,Keerborstel,0
Veevoederzak,Diervoederzak,0
Veevoederzak,Veevoer verpakking,0
Velg,Achtervelg,-2
Velg,Jante,1
Velg,Sportvelg,-2
Velg,Voorwielvelg,-2
Velg,Zante,1
Velg,Zjant,1
Vensterglas,Glasruit,0
Vensterglas,Ruit,0
Veren,Gevederte,0
Veren,Pluim,0
Veren,Veer,0
Verf,Couche,1
Verf,Grondverf,-2
Verf,Ijzermenie,-2
Verf,Lak,-2
Verf,Latexverf,-2
Verf,Loodmenie,-2
Verf,Menie,-2
Verf,Muurverf,-2
Verf,Olieverf,-2
Verf,Tjet,0
Verf,Waterverf,-2
Verfborstel,Penseel,0
Verfborstel,Schildersborstel,0
Verfborstel,Verfkwast,0
Verfbrandapparaat,Heteluchtpistool,0
Verfbrandapparaat,Verfstripper,0
Verfpot,Verfblik,0
Verfrissingsdoekje,Vochtig doekje,0
Verfrol,Verfroller,0
Verfverwijderaar,Decapant,1
Verfverwijderaar,Verfafbijter,0
Vernis,Ambervernis,-2
Vernis,Barnsteenvernis,-2
Vernis,Glansvernis,-2
Vernis,Goudvernis,-2
Vernis,Kleurvernis,-2
Vernis,Lakvernis,-2
Vernis,Matvernis,-2
Vershoudfolie,Huishoudfolie,0
Vervallen eetwaar,Bedroven eetwaar,0
Verwarmingskussen,Warmtekussen,0
Vet,Bakkersvet,-2
Vet,Bakvet,-2
Vet,Reuzel,-2
Vet,Smeer,0
Vet,Smeervet,-2
Vet,Smout,-2
Vet,Vetstof,0
Vezelplaat,Houtvezelplaat,-2
Vezelplaat,Strovezelplaat,-2
Videocassettedoos,VHS doos,0
Vinyl vloerbedekking,Novilon,2
Vinyl vloerbedekking,Polyvinylchloride vloerbedekking,0
Visgraat,Graat,0
Visgraat,Visbeen,0
Vliegengordijn,Hor,0
Vliegengordijn,Jaloezie,1
Vliegengordijn,Moestekeir,1
Vliegengordijn,Schrin,1
Vliegengordijn,Stramijm,1
Vliegengordijn,Stremmaan,1
Vliegengordijn,Vliegenraam,0
Vliegengordijn,Vliegenvenster,0
Vliegengordijn,Zift,1
Vod,Lodder,1
Vod,Scheuteldoek,1
Vod,Schoteldvod,-2
Vod,Slunse,1
Vod,Vodde,0
Voetmat,Deurmat,0
Vogelkooizand,Vogelzand,0
Vogelzaad,Blauwmaanzaad,-2
Vogelzaad,Boekweit,-2
Vogelzaad,Cardy,-2
Vogelzaad,Dari,-2
Vogelzaad,Gele millet,-2
Vogelzaad,Gele Panis,-2
Vogelzaad,Gepelde haver,-2
Vogelzaad,Gestreepte zonnebloempitten,-2
Vogelzaad,Japanse millet,-2
Vogelzaad,Kanariezaad,-2
Vogelzaad,Katjang idjoe,-2
Vogelzaad,Kempzaad,-2
Vogelzaad,Koolzaad,-2
Vogelzaad,Lijnzaad,-2
Vogelzaad,Milo,-2
Vogelzaad,Nigerzaad,-2
Vogelzaad,Paddy rijst,-2
Vogelzaad,Raapzaad,-2
Vogelzaad,Rode millet,-2
Vogelzaad,Rode Panis,-2
Vogelzaad,Witte millet,-2
Vogelzaad,Witte zonnebloempitten,-2
Vuilblik,Blek,1
Vuilblik,Blik en veger,0
Vuilblik,Stofblik,0
Vuilblik,Stoffer en blik,0
Vuilblik,Troeffel,1
Vuilblik,Vuilblek,1
Vuilblik,Vuilnisblik,0
Vuurvaste schotel,Braadschotel,0
Vuurvaste schotel,Caquelon,-2
Vuurvaste schotel,Ovenschaal,0
Vuurwapen,Buks,-2
Vuurwapen,Dubbelloopsgeweer,-2
Vuurwapen,Geweer,-2
Vuurwapen,Tweeloop,-2
Vuurwerk,Knalvuurwerk,-2
Vuurwerk,Siervuurwerk,-2
Warmwaterkruik,Bedkruik,0
Warmwaterkruik,Boejot,1
Warmwaterkruik,Boejote,1
Warmwaterkruik,Heetwaterzak,0
Warmwaterkruik,Stoopke,1
Waskrijt,Wasco,2
Watten,Synthetische watten,-2
Watten,Vette watten,-2
Watten,Witte watten,-2
Wattenstaafje,Oeërstekske,1
Wattenstaafje,Oorkuiserke,1
Wattenstaafje,Oorstaafje,0
Wattenstaafje,Oorstokje,0
Wattenstaafje,Wattenstokje,0
Wc-borstel,Pleeborstel,0
Wc-borstel,Toiletborstel,0
Wc-rol,Closetrol,0
Wc-rol,Toiletrol,0
Wegwerpfototoestel,Fling,2
Wegwerpfototoestel,Wegwerpcamera,0
Wegwerpmasker,Wegwerp mondkapje,0
Wegwerpmasker,Wegwerp mondmasker,0
Wenskaart,Postogram,0
Wieldop,Autowieldop,0
Zaagmeel,Zaagsel,0
Zaagmeel,Zagemeel,0
Zaagmeel,Zagemul,1
Zakdoek,Maalplag,1
Zakdoek,Maalsdoek,1
Zakdoek,Mouwplag,1
Zakdoek,Neusdoek,0
Zakdoek,Snotvod,1
Zakdoek,Tesdoek,1
Zakdoek,Tesnuisink,1
Zakdoek,Tessendoek,1
Zakdoek,Zakneusdoek,0
Zakmes,Kniep,1
Zakmes,Pennenmes,0
Zakmes,Plooimes,0
Zalf,Balsem,0
Zalf,Zauf,1
Zeemvel,Zeem,0
Zeemvel,Zeemlap,0
Zelfbruiner,Bruin-zonder-zon,0
Zetel,Salon,1
Zonnebrandolie,Antizonnebrandcrème,0
Zonnebrandolie,Zonnebrandcrème,0
Zonnebrandolie,Zonnecrème,0
Zonnebrandolie,Zonnemelk,0
Zonnepaneel,Fotovoltaïshe cel,0
Zonnepaneel,PV-cel,0
Zoutzuur,Zoutgeest,0
Zwavelzuur,Vitriool,0
Zwavelzuur,Vitrioololie,0
Zwembad,Kinderzwembad,-2
Zwembad,Plonsbad,1
Zwembad,Zwemkom,1
